priors_count,c_charge_degree,age_cat,sex,race,preds
-0.6820527910480758,M,Greater than 45,Male,African-American,1.0
4.951055739023072,F,Greater than 45,Male,African-American,1.0
-0.9825225434546607,F,25 - 45,Female,Caucasian,1.0
-0.6441814777546112,M,Greater than 45,Male,Other,1.0
4.861248346193644,F,Greater than 45,Male,African-American,1.0
1.240460713803722,F,25 - 45,Female,African-American,1.0
-1.1102926462694858,M,25 - 45,Male,Caucasian,1.0
3.502035967601005,M,Greater than 45,Male,Caucasian,1.0
0.3410483332611429,M,25 - 45,Male,Caucasian,1.0
-0.9653412040920895,F,25 - 45,Female,Other,1.0
-0.8078068725121281,M,Greater than 45,Female,African-American,1.0
0.2808059336611448,M,Greater than 45,Male,Hispanic,1.0
-0.9373941056914011,F,25 - 45,Male,Caucasian,1.0
-0.7010843023060676,F,Greater than 45,Male,Other,1.0
-0.5028361054838769,F,Greater than 45,Male,Asian,1.0
-0.048750511668104846,M,Greater than 45,Female,Caucasian,1.0
1.9178290851212507,M,Greater than 45,Male,Caucasian,1.0
1.6618701324040928,M,25 - 45,Female,Hispanic,1.0
-0.8016762779339208,F,Greater than 45,Female,African-American,1.0
0.7622286753324452,M,Greater than 45,Female,African-American,1.0
-0.25376683625398955,M,Greater than 45,Male,Other,1.0
0.7608751951481343,F,25 - 45,Male,African-American,1.0
0.42910384517280364,M,25 - 45,Male,Caucasian,1.0
0.016703361744176748,F,Greater than 45,Male,Caucasian,1.0
0.6023500568371958,F,Less than 25,Male,Caucasian,1.0
1.3429257759262623,M,Greater than 45,Male,Caucasian,1.0
2.067786228688457,F,Greater than 45,Female,Hispanic,1.0
-0.6454073912693278,M,25 - 45,Male,Caucasian,1.0
-1.0550651947292904,M,25 - 45,Female,Other,1.0
-0.22493858291225854,F,25 - 45,Female,Caucasian,1.0
-0.6772105417044172,M,25 - 45,Female,Hispanic,1.0
1.9653820765129453,M,25 - 45,Male,Hispanic,1.0
2.1227891491539315,F,25 - 45,Male,African-American,1.0
0.49671467181799656,F,25 - 45,Female,Caucasian,1.0
0.10790469391108654,M,Less than 25,Female,Caucasian,1.0
2.5641795613759815,M,Greater than 45,Male,Caucasian,1.0
2.929935369202185,F,Greater than 45,Female,African-American,1.0
30.444765162322458,F,25 - 45,Male,Native American,1.0
-0.019489216595805603,M,Greater than 45,Male,African-American,1.0
0.5101192668893436,F,Greater than 45,Male,Caucasian,1.0
0.37351429947133674,M,Greater than 45,Male,Caucasian,1.0
0.6725970473142596,M,Greater than 45,Male,Caucasian,1.0
3.1481729664614173,M,Greater than 45,Male,African-American,1.0
9.115569692310649,M,Greater than 45,Male,Caucasian,1.0
0.4512577958434739,F,25 - 45,Female,Caucasian,1.0
27.197982552234876,F,25 - 45,Female,Hispanic,1.0
-0.6894327368297413,M,25 - 45,Male,Caucasian,1.0
-1.2172706165055884,M,Greater than 45,Male,African-American,1.0
1.4180050987302515,M,Greater than 45,Male,Hispanic,1.0
-0.5931074808163067,F,25 - 45,Male,Caucasian,1.0
0.48289648838185606,F,Greater than 45,Male,Caucasian,1.0
3.6060818884910155,M,Greater than 45,Female,Caucasian,1.0
1.8556565111754504,M,Greater than 45,Male,Hispanic,1.0
0.9189702047498454,M,25 - 45,Male,Caucasian,1.0
-1.2215145979575333,M,Greater than 45,Female,Caucasian,1.0
0.31058674803119624,M,Greater than 45,Female,Caucasian,1.0
12.79968093496122,M,Greater than 45,Male,African-American,1.0
-0.8413689873554329,M,Greater than 45,Male,Other,1.0
6.254225695603187,F,Greater than 45,Male,Other,1.0
5.0578014361606645,F,Less than 25,Female,Hispanic,1.0
0.6915190828192952,M,25 - 45,Male,Caucasian,1.0
1.9260331895759912,M,25 - 45,Male,Caucasian,1.0
-0.5298185972297533,M,Greater than 45,Male,African-American,1.0
0.5036794103579193,M,Greater than 45,Male,Caucasian,1.0
1.2748969962534966,M,Greater than 45,Female,Caucasian,1.0
1.04934566197409,M,Greater than 45,Male,Caucasian,1.0
0.5942266294484534,F,Greater than 45,Male,Caucasian,1.0
0.7766539182123249,M,Greater than 45,Male,Caucasian,1.0
-0.10621158558867716,F,25 - 45,Male,Caucasian,1.0
-0.20482373402973345,F,Less than 25,Male,Caucasian,1.0
1.6116782826789187,M,Greater than 45,Male,African-American,1.0
3.4259237776290004,F,Greater than 45,Male,Hispanic,1.0
7.6468028951567835,M,25 - 45,Male,African-American,1.0
-0.5339193417513663,M,Greater than 45,Female,Other,1.0
0.9271110134791622,M,Greater than 45,Female,Caucasian,1.0
1.983962548842598,M,Greater than 45,Female,Hispanic,1.0
-0.04973146221312194,F,Less than 25,Male,African-American,1.0
10.033921826021054,F,Less than 25,Female,Other,1.0
9.412533204429899,M,25 - 45,Male,Caucasian,1.0
-0.5971359508069672,M,Greater than 45,Male,Caucasian,1.0
-0.686118172913375,F,Less than 25,Female,African-American,1.0
0.05090818209139014,F,Greater than 45,Female,Caucasian,1.0
6.326355062476636,M,Greater than 45,Male,Hispanic,1.0
-0.8174209167395898,F,25 - 45,Male,Caucasian,1.0
-0.5591748704996591,M,Greater than 45,Female,Caucasian,1.0
0.8060511166006044,F,Greater than 45,Male,Caucasian,1.0
-0.3148330764948396,M,Greater than 45,Male,Caucasian,1.0
-0.28116649326373255,F,Greater than 45,Female,Caucasian,1.0
11.405091884543475,F,25 - 45,Female,Other,1.0
11.799248383707612,F,25 - 45,Male,Hispanic,1.0
-0.39470995127900654,F,Greater than 45,Male,Other,1.0
-0.27707655971354034,M,25 - 45,Female,Hispanic,1.0
2.288651651750012,F,25 - 45,Male,Caucasian,1.0
0.9799423057569403,F,Greater than 45,Female,Caucasian,1.0
0.3831236900063034,M,Greater than 45,Male,Caucasian,1.0
0.007113424574984872,F,Greater than 45,Male,African-American,1.0
-0.36073991380800297,F,Greater than 45,Female,Caucasian,1.0
4.200010312838677,F,Greater than 45,Male,African-American,1.0
0.9081401165897816,F,Less than 25,Male,Caucasian,1.0
0.1721342830223942,F,Greater than 45,Male,Caucasian,1.0
-0.6245808461289823,F,25 - 45,Male,Caucasian,1.0
-0.3412606172478005,F,Greater than 45,Male,Caucasian,1.0
2.774605554429617,F,25 - 45,Male,Caucasian,1.0
0.03790826607025899,M,Greater than 45,Male,African-American,1.0
0.7782348719972723,F,Greater than 45,Male,African-American,1.0
16.542796338696988,M,Greater than 45,Male,Caucasian,1.0
-0.9917484033374067,F,Greater than 45,Male,Caucasian,1.0
-0.2625788840026797,M,Greater than 45,Male,Caucasian,1.0
-0.21263669942775487,M,25 - 45,Male,Caucasian,1.0
-0.5380387068484369,F,Greater than 45,Female,African-American,1.0
11.5301216239754,F,Greater than 45,Male,Asian,1.0
1.716420802983717,M,Greater than 45,Female,Caucasian,1.0
15.643897968216123,F,25 - 45,Male,African-American,1.0
10.194013730842752,F,25 - 45,Female,African-American,1.0
-0.6043375151375919,F,Greater than 45,Female,African-American,1.0
-0.8132214878944932,M,25 - 45,Male,Other,1.0
0.4110152392649252,F,25 - 45,Male,African-American,1.0
6.550201498412194,F,Greater than 45,Female,Caucasian,1.0
2.1263825454546055,M,Greater than 45,Male,African-American,1.0
-0.5342671788873693,M,25 - 45,Male,African-American,1.0
-0.7282936049685931,F,Less than 25,Male,African-American,1.0
0.23174938786748592,M,Greater than 45,Female,Caucasian,1.0
0.24431423180954273,F,Less than 25,Male,African-American,1.0
-0.01644427443105334,F,Less than 25,Male,African-American,1.0
2.4329550025945137,F,25 - 45,Male,Other,1.0
0.5482856262239959,F,Greater than 45,Male,Caucasian,1.0
0.9639450388408988,M,Greater than 45,Male,Hispanic,1.0
8.231583898238299,M,Greater than 45,Male,Caucasian,1.0
0.7210680506682525,M,Less than 25,Female,African-American,1.0
-0.822869984314158,F,Greater than 45,Male,Caucasian,1.0
-0.6395338434818028,M,Greater than 45,Male,Hispanic,1.0
-0.4595127876392849,F,25 - 45,Male,African-American,1.0
2.874978303098894,F,25 - 45,Male,Other,1.0
-0.8945486078270726,F,25 - 45,Male,African-American,1.0
2.2587898361804526,F,Less than 25,Female,Caucasian,1.0
-0.05766591707899427,F,Greater than 45,Male,Caucasian,1.0
1.7848796901188138,F,Greater than 45,Female,Native American,1.0
1.489782818404756,M,25 - 45,Female,Caucasian,1.0
0.4695479647765659,F,25 - 45,Male,Caucasian,1.0
0.6753442469349471,M,Less than 25,Female,Caucasian,1.0
-0.024054790764237,F,25 - 45,Female,Caucasian,1.0
2.9695060299773397,F,Greater than 45,Male,Caucasian,1.0
-0.7500158216979909,M,Less than 25,Male,African-American,1.0
1.8232877043942786,F,Less than 25,Male,African-American,1.0
1.112262843053799,M,Less than 25,Female,Caucasian,1.0
-0.9859970821244333,F,25 - 45,Male,Caucasian,1.0
5.521040325406432,M,Greater than 45,Female,Caucasian,1.0
-1.2094811080403134,F,Greater than 45,Male,African-American,1.0
3.032602877447136,F,Greater than 45,Male,Caucasian,1.0
0.28939245164286487,M,Greater than 45,Male,Hispanic,1.0
6.53542729037314,F,Greater than 45,Male,African-American,1.0
0.8230608467371185,F,Greater than 45,Male,Caucasian,1.0
6.80215446116764,F,Less than 25,Female,African-American,1.0
0.5752127217453886,F,25 - 45,Female,African-American,1.0
-0.705095384545235,F,25 - 45,Male,Hispanic,1.0
-0.8479702763311251,M,Greater than 45,Male,Caucasian,1.0
-0.29058034606766164,M,Greater than 45,Female,Caucasian,1.0
-0.9485516416390851,M,25 - 45,Male,Caucasian,1.0
-1.3573786725537986,M,Greater than 45,Male,Caucasian,1.0
14.498560780040485,F,25 - 45,Male,Caucasian,1.0
-2.9176314820207425,M,25 - 45,Male,Caucasian,1.0
2.20663331402241,F,Greater than 45,Male,Hispanic,1.0
-0.8829690732571944,M,25 - 45,Female,Caucasian,1.0
-0.6146375606394345,M,25 - 45,Male,Caucasian,1.0
-0.7546602719083246,M,Greater than 45,Male,Caucasian,1.0
19.415541961470613,F,Less than 25,Male,African-American,1.0
-0.7139953811240669,F,Greater than 45,Male,Asian,1.0
0.6798894691186717,M,Less than 25,Male,African-American,1.0
4.704581633188229,F,Less than 25,Female,Caucasian,1.0
1.0500541976934992,F,25 - 45,Male,Native American,1.0
5.875550441885901,M,25 - 45,Male,African-American,1.0
0.3389420703972221,F,Less than 25,Female,African-American,1.0
1.1574392829413176,M,Less than 25,Male,Other,1.0
7.4573576791724925,F,Greater than 45,Male,Other,1.0
-3.790622659112632,M,25 - 45,Male,Asian,1.0
1.6090770897695936,M,25 - 45,Male,Caucasian,1.0
-1.116525047333893,M,Less than 25,Male,Caucasian,1.0
1.0328516599019335,M,25 - 45,Male,Other,1.0
-0.5078491408211867,F,Greater than 45,Male,African-American,1.0
3.5927373066545734,F,25 - 45,Male,Caucasian,1.0
0.31997226138609003,F,25 - 45,Male,African-American,1.0
-0.015875124968456958,M,25 - 45,Female,African-American,1.0
0.8399505319168488,F,25 - 45,Male,Hispanic,1.0
2.0420771345540145,M,Greater than 45,Male,Caucasian,1.0
-1.2605867648788571,M,Less than 25,Male,African-American,1.0
-1.4443889522232145,F,25 - 45,Female,Hispanic,1.0
-0.42210060941303634,F,25 - 45,Female,Hispanic,1.0
0.5477150214068768,F,Greater than 45,Male,Caucasian,1.0
-0.4045441527968028,M,Greater than 45,Male,African-American,1.0
4.29716264033692,F,Greater than 45,Male,African-American,1.0
7.426614274146759,F,Greater than 45,Male,Hispanic,1.0
4.429473192120261,F,Greater than 45,Male,Caucasian,1.0
1.6421360700508547,F,25 - 45,Male,African-American,1.0
1.5737078465281418,F,Greater than 45,Male,African-American,1.0
2.091825030681684,M,Less than 25,Male,Other,1.0
0.5676908490054101,F,25 - 45,Female,African-American,1.0
-0.9786535912993983,M,Greater than 45,Female,Caucasian,1.0
-0.2742585867297116,M,Greater than 45,Male,Caucasian,1.0
1.284201367923704,F,Greater than 45,Male,Native American,1.0
0.7181501728822521,F,25 - 45,Male,African-American,1.0
0.480568139989725,M,25 - 45,Female,Hispanic,1.0
1.1367575628731663,F,25 - 45,Male,Caucasian,1.0
0.1334420520770094,F,Greater than 45,Female,Caucasian,1.0
1.3842402273469467,F,Greater than 45,Male,Caucasian,1.0
0.6009927225807122,M,Greater than 45,Female,Other,1.0
-0.3885093482411306,F,Greater than 45,Female,Other,1.0
10.520266958921832,F,Greater than 45,Female,Hispanic,1.0
-1.1554123578161875,F,25 - 45,Male,Caucasian,1.0
-0.04487430593221631,M,Greater than 45,Female,Caucasian,1.0
-0.9084066950371521,M,Greater than 45,Male,African-American,1.0
7.556649117773378,M,25 - 45,Female,African-American,1.0
-0.6221401843557155,M,Less than 25,Female,Other,1.0
0.45371284449108645,M,25 - 45,Male,Asian,1.0
1.751615292880519,F,25 - 45,Male,African-American,1.0
1.3290944973120826,F,Greater than 45,Male,African-American,1.0
-0.8335665564380803,M,Greater than 45,Male,Caucasian,1.0
-0.10078998382524708,F,Less than 25,Male,Hispanic,1.0
8.441963398259194,M,Greater than 45,Female,Caucasian,1.0
-1.495777797323281,M,Greater than 45,Male,Caucasian,1.0
0.12778862759442422,F,25 - 45,Male,African-American,1.0
-0.4310491369045377,M,25 - 45,Female,African-American,1.0
2.9925096540588005,M,Less than 25,Male,African-American,1.0
0.7964461121046575,M,Greater than 45,Male,African-American,1.0
9.861924542812204,M,Greater than 45,Female,Hispanic,1.0
-0.3749681709252044,F,25 - 45,Female,Caucasian,1.0
7.256168282664856,F,25 - 45,Male,Native American,1.0
4.7245166822190905,F,Greater than 45,Male,Caucasian,1.0
-0.5134574992447816,M,Greater than 45,Male,Caucasian,1.0
-0.6279555731605135,M,Greater than 45,Female,Caucasian,1.0
2.1292747214822434,F,25 - 45,Male,African-American,1.0
-0.6586582856985561,M,25 - 45,Female,Caucasian,1.0
-0.969321727939219,M,Greater than 45,Male,Caucasian,1.0
0.07272848301797241,F,Less than 25,Male,African-American,1.0
21.246441981562537,M,Greater than 45,Female,Native American,1.0
0.6601354933930665,F,25 - 45,Male,Caucasian,1.0
2.0413592399674574,M,Greater than 45,Male,African-American,1.0
2.066749070040065,M,Greater than 45,Male,Hispanic,1.0
-1.1270415037806587,M,Greater than 45,Male,African-American,1.0
1.397681205525187,F,Less than 25,Male,African-American,1.0
1.1866071958126543,F,Greater than 45,Male,Caucasian,1.0
-0.6464563674330476,M,25 - 45,Female,Caucasian,1.0
2.8794705593299303,F,Greater than 45,Male,African-American,1.0
-0.8464654388833696,F,Greater than 45,Female,Caucasian,1.0
0.5601122868959962,F,25 - 45,Male,Other,1.0
-0.9992602103152406,M,Greater than 45,Male,Caucasian,1.0
-0.08756302177882895,F,Greater than 45,Male,Caucasian,1.0
0.985047240838846,M,Greater than 45,Male,Caucasian,1.0
-0.22404526025016303,F,Greater than 45,Male,Caucasian,1.0
-0.04709346089350874,M,25 - 45,Male,Caucasian,1.0
-0.15603835775824848,M,25 - 45,Male,Other,1.0
2.036883249365787,M,Greater than 45,Male,Caucasian,1.0
-0.27402248317945666,F,25 - 45,Male,Caucasian,1.0
10.003141969671415,F,Greater than 45,Male,Caucasian,1.0
0.27018513157954716,F,Greater than 45,Male,African-American,1.0
-0.15045675498130198,F,Greater than 45,Female,African-American,1.0
11.948881587216832,F,Less than 25,Female,Caucasian,1.0
-0.7178384593806673,M,Greater than 45,Male,African-American,1.0
-0.6871930568751756,F,Less than 25,Male,Other,1.0
0.3214331437663176,F,Greater than 45,Male,Caucasian,1.0
-0.4036609134012663,M,25 - 45,Male,Caucasian,1.0
-0.9235349723880388,M,Greater than 45,Male,Native American,1.0
-0.5682927534626269,M,Greater than 45,Male,Caucasian,1.0
-0.10506561621828014,M,25 - 45,Male,Other,1.0
0.6754455648784727,M,Greater than 45,Male,Hispanic,1.0
0.5994669280642678,F,Greater than 45,Female,Caucasian,1.0
2.3317528722554943,M,Greater than 45,Male,Caucasian,1.0
-0.624311025099758,M,Greater than 45,Male,African-American,1.0
0.3333396661993381,M,25 - 45,Female,Caucasian,1.0
0.6811269682433361,F,Less than 25,Male,Caucasian,1.0
1.044166448547025,F,25 - 45,Male,Caucasian,1.0
-0.188990234223265,F,Less than 25,Female,Caucasian,1.0
7.610130942685028,F,Less than 25,Male,Caucasian,1.0
0.6639360492292331,M,Greater than 45,Female,Hispanic,1.0
-0.9441179089790355,F,Greater than 45,Female,Native American,1.0
9.399700877449984,F,Greater than 45,Male,Caucasian,1.0
-0.055829902073536,M,Greater than 45,Male,Caucasian,1.0
12.03701606506777,M,Less than 25,Male,African-American,1.0
0.4870997649024868,M,25 - 45,Male,African-American,1.0
0.5788194584437751,M,25 - 45,Female,Caucasian,1.0
1.33765394249316,F,25 - 45,Male,African-American,1.0
2.030322565724103,F,Greater than 45,Male,Other,1.0
0.09047575591964963,M,Greater than 45,Male,African-American,1.0
4.800576824735332,F,Greater than 45,Male,Caucasian,1.0
2.119120310100686,M,25 - 45,Male,African-American,1.0
-0.6208301641647733,F,Greater than 45,Male,African-American,1.0
0.9785278907651287,M,Greater than 45,Male,Caucasian,1.0
3.224790285547792,M,25 - 45,Female,Other,1.0
2.003918213270982,F,Greater than 45,Male,African-American,1.0
3.1131801897495865,F,Less than 25,Male,African-American,1.0
-0.7983181356320904,M,Greater than 45,Male,Caucasian,1.0
1.3777686217996297,F,25 - 45,Male,Hispanic,1.0
1.4411485457308668,F,Greater than 45,Female,Other,1.0
1.6436635220809737,F,Greater than 45,Male,Caucasian,1.0
0.2772744849306186,M,Greater than 45,Male,Caucasian,1.0
0.6524238661373086,F,Greater than 45,Male,African-American,1.0
21.894349430925505,F,25 - 45,Male,African-American,1.0
-0.8473719071917563,F,Greater than 45,Female,Caucasian,1.0
-0.26531087834546385,F,25 - 45,Female,Other,1.0
1.0072172119283898,M,Greater than 45,Female,African-American,1.0
1.3167361592201265,M,Greater than 45,Female,Caucasian,1.0
-0.41184706573726393,M,25 - 45,Male,Caucasian,1.0
-0.8390275788695492,M,Greater than 45,Male,African-American,1.0
0.060274650764664095,M,Greater than 45,Male,African-American,1.0
3.241101109296229,F,25 - 45,Male,Caucasian,1.0
2.1504546960748745,F,25 - 45,Male,Caucasian,1.0
0.9396304363457149,F,25 - 45,Male,African-American,1.0
-0.4332678878257892,M,25 - 45,Male,African-American,1.0
-0.6403444478794404,F,Greater than 45,Male,African-American,1.0
1.5047502012503635,M,25 - 45,Male,Hispanic,1.0
-1.3606746285265117,M,25 - 45,Male,Caucasian,1.0
-0.11331976151468574,F,Greater than 45,Male,Hispanic,1.0
0.6528518178182388,M,Greater than 45,Female,African-American,1.0
-0.14768403626308468,F,Greater than 45,Male,Caucasian,1.0
0.1338295432328811,M,Greater than 45,Male,African-American,1.0
0.7717166049365656,F,Greater than 45,Female,Caucasian,1.0
0.5419510912563505,M,25 - 45,Male,African-American,1.0
1.9883630404395405,F,25 - 45,Male,African-American,1.0
0.9339381199621299,F,25 - 45,Male,Caucasian,1.0
1.4282824022507492,F,25 - 45,Male,Native American,1.0
-0.5075731013083777,M,Less than 25,Male,Caucasian,1.0
0.45576335030496445,F,Greater than 45,Male,Caucasian,1.0
3.3807708080015826,M,Greater than 45,Male,Caucasian,1.0
3.37076629281613,F,Greater than 45,Female,Hispanic,1.0
1.738827361330552,M,25 - 45,Male,Caucasian,1.0
0.9067978343513159,M,Less than 25,Male,Other,1.0
4.924187163933871,M,Greater than 45,Male,Caucasian,1.0
-1.114659845149112,F,Greater than 45,Female,African-American,1.0
-0.958134188027118,M,Greater than 45,Male,Caucasian,1.0
-0.42659952884930297,M,25 - 45,Female,Hispanic,1.0
-0.08578023863105422,M,Greater than 45,Male,Native American,1.0
0.4922905841040034,F,Greater than 45,Male,Asian,1.0
-0.6713053786152796,M,25 - 45,Male,Other,1.0
-0.04912102472296809,F,25 - 45,Male,African-American,1.0
0.8561251960175297,F,Greater than 45,Male,Native American,1.0
1.307161144131142,F,25 - 45,Male,Asian,1.0
-0.2821259997100567,M,25 - 45,Male,Caucasian,1.0
1.5975835451497193,M,Greater than 45,Female,African-American,1.0
1.7903943126980353,M,25 - 45,Female,Caucasian,1.0
0.8303980097437711,M,Greater than 45,Male,Caucasian,1.0
1.3900281043030591,M,Greater than 45,Male,Caucasian,1.0
2.244713527832056,F,Greater than 45,Male,Other,1.0
-0.21648388858864287,F,Greater than 45,Female,African-American,1.0
0.05041097694849728,M,Less than 25,Male,Caucasian,1.0
-0.3968366793480984,F,Greater than 45,Male,African-American,1.0
-0.9328475443015853,M,Greater than 45,Male,Caucasian,1.0
1.8501780592101427,F,Less than 25,Female,Caucasian,1.0
0.4685273987048644,M,Greater than 45,Male,Hispanic,1.0
0.38775718748128485,F,25 - 45,Female,Hispanic,1.0
-0.25079669539753563,M,Greater than 45,Male,Native American,1.0
3.7962182528884165,M,Greater than 45,Female,Native American,1.0
0.6527348747792135,F,Greater than 45,Female,Hispanic,1.0
8.47905255572171,M,Greater than 45,Male,African-American,1.0
4.098222113202327,F,Greater than 45,Male,Other,1.0
-1.0379136602718086,F,Greater than 45,Female,Caucasian,1.0
-0.07598607246981026,M,Greater than 45,Male,Other,1.0
0.2907384536887327,M,Greater than 45,Male,Caucasian,1.0
0.35790354559482407,M,25 - 45,Male,Caucasian,1.0
3.5332242929279474,M,25 - 45,Male,African-American,1.0
-0.381356721635135,F,Greater than 45,Male,African-American,1.0
1.4300654808690707,M,Greater than 45,Female,Caucasian,1.0
0.852815888641698,F,Less than 25,Male,African-American,1.0
1.6001581093228787,M,Greater than 45,Female,African-American,1.0
-0.07143915395702037,F,25 - 45,Male,Caucasian,1.0
-0.8014582040688483,F,Greater than 45,Male,Other,1.0
-0.04472317453172159,M,Greater than 45,Female,African-American,1.0
3.2560233121085087,M,25 - 45,Male,Caucasian,1.0
1.2763489182336274,F,25 - 45,Female,African-American,1.0
2.294492157008176,M,25 - 45,Male,Hispanic,1.0
-0.21768525653048743,M,Greater than 45,Male,African-American,1.0
-0.4887188604699265,M,Greater than 45,Female,Caucasian,1.0
-1.1295867886975888,M,Greater than 45,Female,Hispanic,1.0
1.681308254259979,F,Greater than 45,Female,Hispanic,1.0
2.4238759206189893,M,25 - 45,Male,Native American,1.0
-0.6628543478548927,F,25 - 45,Female,Other,1.0
0.02296276891793489,F,25 - 45,Male,Hispanic,1.0
1.0610026009936921,M,25 - 45,Male,Other,1.0
31.35289356203856,F,Greater than 45,Female,Other,1.0
3.1969955883484116,F,Less than 25,Male,Hispanic,1.0
11.284487297539574,M,Less than 25,Male,Native American,1.0
0.1250685689336426,M,Greater than 45,Male,African-American,1.0
-0.4310366148416699,M,25 - 45,Female,Caucasian,1.0
4.387104379485,F,Less than 25,Male,Caucasian,1.0
-0.9977032675847051,M,Less than 25,Male,African-American,1.0
2.020572254572808,F,Greater than 45,Female,Caucasian,1.0
1.4068156539866008,F,25 - 45,Male,Other,1.0
-0.6353467662775945,F,25 - 45,Male,African-American,1.0
2.850780990088067,F,Less than 25,Female,Caucasian,1.0
-0.3345481066846058,F,Greater than 45,Male,Asian,1.0
-2.378123575326363,F,Greater than 45,Female,Caucasian,1.0
4.68465037032874,F,Greater than 45,Female,Hispanic,1.0
-0.27257553181665284,F,25 - 45,Male,African-American,1.0
2.4152129608500195,F,Greater than 45,Male,Other,1.0
-0.6267355924674571,M,25 - 45,Female,Caucasian,1.0
2.6357926319504443,M,Less than 25,Male,Hispanic,1.0
3.055872045439791,F,25 - 45,Male,African-American,1.0
0.8299188684405263,F,25 - 45,Male,African-American,1.0
-0.801540431320821,M,25 - 45,Female,African-American,1.0
-0.03604288655458232,F,25 - 45,Male,Caucasian,1.0
-1.3126339695876643,F,Greater than 45,Male,Caucasian,1.0
1.9093341506633044,F,Greater than 45,Female,African-American,1.0
1.7917180386096647,M,25 - 45,Female,Caucasian,1.0
4.876862353632617,M,Greater than 45,Male,Other,1.0
1.807567464032659,F,25 - 45,Male,African-American,1.0
-0.1296711333614121,M,Less than 25,Female,African-American,1.0
1.2282908084813644,F,Greater than 45,Male,African-American,1.0
0.42621026210609514,M,Less than 25,Male,Caucasian,1.0
-0.7752937947718178,F,Greater than 45,Male,Other,1.0
-0.6573200798710662,F,25 - 45,Male,Caucasian,1.0
12.43686263541933,M,Less than 25,Male,Caucasian,1.0
2.5031205956290306,M,Greater than 45,Male,Caucasian,1.0
3.5600401242823074,F,Less than 25,Male,African-American,1.0
-0.5426470293794743,F,Greater than 45,Female,Hispanic,1.0
1.1034485066738413,M,Greater than 45,Male,Caucasian,1.0
-1.0829443199896023,F,25 - 45,Male,Other,1.0
1.3757955355680231,F,25 - 45,Male,Hispanic,1.0
-0.2909259895691361,F,Less than 25,Male,Caucasian,1.0
1.2596400606841183,F,Greater than 45,Male,Caucasian,1.0
2.0279109974283633,F,Less than 25,Female,Caucasian,1.0
-2.313542979318406,F,25 - 45,Male,Caucasian,1.0
1.111881009447844,F,Greater than 45,Male,Caucasian,1.0
1.540387316521167,F,25 - 45,Male,African-American,1.0
0.09095334422310586,F,Greater than 45,Male,Caucasian,1.0
0.17156509150256344,F,Greater than 45,Male,Hispanic,1.0
-0.44663943812333007,F,Greater than 45,Male,Caucasian,1.0
1.7944333487731732,M,Greater than 45,Female,Caucasian,1.0
12.87534726239287,F,25 - 45,Male,African-American,1.0
-0.7548167162028334,F,Greater than 45,Male,Caucasian,1.0
-1.0837052898860895,M,Greater than 45,Male,Caucasian,1.0
0.004630668333760024,F,25 - 45,Male,African-American,1.0
1.139740354395057,F,Less than 25,Male,Asian,1.0
1.0946045815610663,F,Greater than 45,Female,Caucasian,1.0
0.26522190772836485,M,Greater than 45,Female,African-American,1.0
0.4034192111276891,F,Greater than 45,Male,Caucasian,1.0
-0.3273045833074324,M,Greater than 45,Male,Hispanic,1.0
0.0558695339252262,F,25 - 45,Male,African-American,1.0
0.35560760809547015,F,25 - 45,Male,Caucasian,1.0
-0.7137555652619516,M,25 - 45,Female,African-American,1.0
0.24702066846738657,F,25 - 45,Male,Other,1.0
0.6641893108000458,M,25 - 45,Female,Caucasian,1.0
0.6793478147907084,F,Less than 25,Male,Asian,1.0
-0.3260212140043752,F,25 - 45,Male,Caucasian,1.0
4.525070767837238,M,Greater than 45,Female,Caucasian,1.0
-1.0518071646461555,M,Greater than 45,Male,Caucasian,1.0
4.09942008184106,F,Greater than 45,Female,Caucasian,1.0
-0.46415139068859634,M,25 - 45,Male,Asian,1.0
2.393203684370196,M,Greater than 45,Male,Caucasian,1.0
3.077428336402286,F,25 - 45,Male,African-American,1.0
1.759652638945116,M,25 - 45,Male,African-American,1.0
-0.4495135185565996,M,Greater than 45,Male,Caucasian,1.0
0.04918369843123016,F,Greater than 45,Male,Caucasian,1.0
0.03617638767804398,F,Greater than 45,Male,Hispanic,1.0
-0.7453710445403332,M,Greater than 45,Female,African-American,1.0
-1.035456747297339,F,25 - 45,Male,Caucasian,1.0
-4.3208608269330995,F,Greater than 45,Male,African-American,1.0
-0.24027760592596775,F,Greater than 45,Male,Hispanic,1.0
0.137312513074892,M,25 - 45,Male,African-American,1.0
0.44224606501668307,M,Greater than 45,Male,Other,1.0
-1.05428893993883,M,Greater than 45,Female,Caucasian,1.0
1.7097801227190632,F,25 - 45,Male,Caucasian,1.0
4.290102932485424,F,Less than 25,Male,Other,1.0
14.782986220700973,F,25 - 45,Male,African-American,1.0
0.48100134874225065,F,Greater than 45,Female,Caucasian,1.0
-0.7525580812923505,M,25 - 45,Male,Caucasian,1.0
0.058063424275977216,F,25 - 45,Male,African-American,1.0
3.002367279349474,F,25 - 45,Male,Other,1.0
0.41178839575260723,F,Greater than 45,Male,Other,1.0
0.7103179777027856,M,25 - 45,Male,Caucasian,1.0
-0.8250305896875736,M,25 - 45,Female,Other,1.0
0.7427829928196925,F,Greater than 45,Male,Caucasian,1.0
0.6387114879827038,M,Greater than 45,Male,Caucasian,1.0
-2.6761448219974975,M,25 - 45,Male,Caucasian,1.0
0.19473096885956767,M,Greater than 45,Female,African-American,1.0
-0.8537669968481656,M,Less than 25,Female,Hispanic,1.0
0.8845486443509039,M,25 - 45,Female,African-American,1.0
1.2875775588131344,F,Greater than 45,Female,African-American,1.0
6.910936612561057,M,Greater than 45,Female,African-American,1.0
0.5672424137749608,M,Greater than 45,Male,Caucasian,1.0
-0.4019756546198727,F,Greater than 45,Female,Caucasian,1.0
0.641849449707296,F,Greater than 45,Female,African-American,1.0
0.5597271478255323,M,Greater than 45,Female,Caucasian,1.0
2.7855571207354166,F,25 - 45,Female,African-American,1.0
1.362546077001889,M,Greater than 45,Male,Native American,1.0
0.49796448114544684,M,Greater than 45,Male,Asian,1.0
-0.5871981480468579,F,Greater than 45,Male,Caucasian,1.0
-0.9419089526363146,F,Greater than 45,Female,Other,1.0
1.2523501156543743e-05,M,25 - 45,Male,African-American,1.0
-0.9026089001645516,F,Greater than 45,Male,Caucasian,1.0
10.104854936583743,M,25 - 45,Male,Caucasian,1.0
1.095452407057581,M,Greater than 45,Male,Native American,1.0
-1.231379712850981,F,25 - 45,Male,Caucasian,1.0
1.8981914180474404,F,25 - 45,Female,African-American,1.0
14.143763353879505,M,Greater than 45,Male,African-American,1.0
-0.5324614759228814,F,Greater than 45,Male,Caucasian,1.0
0.5537906017909588,M,25 - 45,Male,Other,1.0
1.6951877778922928,F,Greater than 45,Female,African-American,1.0
3.182612090148211,F,Greater than 45,Male,Caucasian,1.0
2.573924716787217,F,Greater than 45,Male,African-American,1.0
0.26396794624747427,M,25 - 45,Male,Caucasian,1.0
0.27470464390024635,F,Greater than 45,Male,Caucasian,1.0
0.09473759602413412,F,Greater than 45,Female,Caucasian,1.0
-1.001371616559394,F,Greater than 45,Male,Native American,1.0
6.430941326960038,M,Less than 25,Male,Caucasian,1.0
-0.38705737517548044,F,25 - 45,Male,African-American,1.0
0.575046562211883,M,Greater than 45,Male,Caucasian,1.0
0.32033411033686865,M,Greater than 45,Male,Hispanic,1.0
-0.6581145253569631,F,Greater than 45,Male,Hispanic,1.0
7.786741013817841,F,Greater than 45,Male,Hispanic,1.0
0.28071693918038454,F,Greater than 45,Female,Caucasian,1.0
1.3906743769914642,M,Greater than 45,Male,Other,1.0
2.24622446440815,M,Less than 25,Female,Caucasian,1.0
1.3872132615346384,M,Greater than 45,Male,Caucasian,1.0
0.36431637214355783,F,25 - 45,Male,Caucasian,1.0
2.6688929425005328,F,Greater than 45,Male,Other,1.0
0.21466931218862145,M,Less than 25,Male,Caucasian,1.0
1.2126871708176996,F,Greater than 45,Female,Other,1.0
0.9673083663965526,M,Greater than 45,Female,Caucasian,1.0
30.871221382971605,M,Greater than 45,Male,Caucasian,1.0
1.3235654349227381,F,Greater than 45,Male,Caucasian,1.0
11.371360923460651,F,Greater than 45,Male,Caucasian,1.0
0.8162257014873803,M,Greater than 45,Female,Caucasian,1.0
-0.29368285419274587,F,Greater than 45,Male,Caucasian,1.0
-0.9053278914413463,F,25 - 45,Female,Caucasian,1.0
0.9362663527243744,F,25 - 45,Male,Hispanic,1.0
1.3906341726877225,M,Greater than 45,Male,African-American,1.0
1.363388313742585,M,Greater than 45,Male,Caucasian,1.0
0.6443965328345076,M,Greater than 45,Male,African-American,1.0
3.4748547141309563,F,Greater than 45,Female,Caucasian,1.0
5.232409650987719,M,25 - 45,Male,Native American,1.0
4.587060222861096,M,Less than 25,Female,Caucasian,1.0
0.5500683150332557,M,Greater than 45,Male,Other,1.0
0.16140722572561472,M,Greater than 45,Female,Caucasian,1.0
0.250997397808285,F,Less than 25,Male,African-American,1.0
-0.19212091709848692,M,Greater than 45,Male,Hispanic,1.0
6.193613876503382,M,Greater than 45,Male,Caucasian,1.0
3.5266736858444228,F,Greater than 45,Male,African-American,1.0
0.35813117371804576,F,Less than 25,Male,Hispanic,1.0
-0.7154185030280101,F,Less than 25,Female,African-American,1.0
1.578630671950609,F,25 - 45,Male,African-American,1.0
1.5283128434655557,M,25 - 45,Male,Caucasian,1.0
0.6633276002593672,M,Less than 25,Female,African-American,1.0
-0.4230867139272624,M,Greater than 45,Male,Caucasian,1.0
3.2030418252101693,F,Greater than 45,Male,African-American,1.0
-0.8718640461112731,M,Greater than 45,Female,African-American,1.0
-0.1805693640544846,F,25 - 45,Female,Native American,1.0
-0.9040228780972507,F,25 - 45,Male,African-American,1.0
0.744390459613121,F,25 - 45,Male,African-American,1.0
-1.086744101788518,F,Greater than 45,Male,Other,1.0
0.5854313377501156,F,25 - 45,Female,Caucasian,1.0
-0.17022460214432278,M,25 - 45,Male,African-American,1.0
-0.6375862785288966,F,Greater than 45,Male,Caucasian,1.0
6.135312761982495,F,25 - 45,Male,African-American,1.0
0.7246846193605112,F,Less than 25,Male,African-American,1.0
-0.9164810516857687,M,Greater than 45,Male,Caucasian,1.0
-0.08990124617574824,F,Greater than 45,Female,Other,1.0
-0.01805874031670518,M,Less than 25,Male,African-American,1.0
0.5484124000488565,M,Greater than 45,Female,Caucasian,1.0
2.2799854225078025,F,Greater than 45,Male,African-American,1.0
-0.8051638250384672,M,Greater than 45,Female,Caucasian,1.0
8.796573625414254,F,25 - 45,Male,Caucasian,1.0
2.429618341818022,F,Greater than 45,Male,Caucasian,1.0
0.8050543443347081,M,Greater than 45,Male,Caucasian,1.0
-0.6156038202774248,M,25 - 45,Female,African-American,1.0
9.264853946998919,M,Greater than 45,Female,Caucasian,1.0
20.75862709307473,F,25 - 45,Male,Caucasian,1.0
3.3056154995731477,F,Greater than 45,Female,African-American,1.0
-0.6031921156700106,M,25 - 45,Male,Caucasian,1.0
-0.13155490740445352,F,25 - 45,Male,Asian,1.0
0.24079886089266922,F,Greater than 45,Male,Caucasian,1.0
2.0943511891801627,F,Greater than 45,Male,Other,1.0
-0.08323696139657377,F,Greater than 45,Female,Hispanic,1.0
-0.9239081505702176,F,Less than 25,Male,Caucasian,1.0
5.343048460126084,M,Greater than 45,Male,Caucasian,1.0
3.615753668980487,M,Less than 25,Male,Caucasian,1.0
0.9948274817847829,M,Greater than 45,Male,African-American,1.0
-0.15335229725498042,F,25 - 45,Female,African-American,1.0
-0.740421075746383,M,25 - 45,Male,African-American,1.0
-0.45432040581911903,F,Less than 25,Male,Caucasian,1.0
2.8244647780753716,F,Greater than 45,Female,African-American,1.0
33.624479212550334,F,25 - 45,Male,African-American,1.0
0.17060670338808115,M,Greater than 45,Male,Caucasian,1.0
0.17986748633888894,M,Greater than 45,Female,Caucasian,1.0
1.1124237317884926,F,25 - 45,Male,Caucasian,1.0
-0.40603645125515625,F,25 - 45,Male,African-American,1.0
27.088461612974086,F,25 - 45,Male,Native American,1.0
-1.3432726842249703,F,25 - 45,Male,Caucasian,1.0
-0.8395364410544885,F,Less than 25,Male,African-American,1.0
0.06027862892316963,M,Greater than 45,Male,African-American,1.0
1.1631158727290565,F,25 - 45,Female,African-American,1.0
-0.29937233894737486,M,25 - 45,Male,African-American,1.0
0.7629158777389671,M,Less than 25,Male,Caucasian,1.0
1.0986512552248464,M,Greater than 45,Female,Hispanic,1.0
0.672203553921455,F,25 - 45,Female,Caucasian,1.0
11.405298809739435,F,Greater than 45,Male,Caucasian,1.0
0.1336815097457705,M,Greater than 45,Male,Other,1.0
-0.454555219922371,F,Greater than 45,Male,African-American,1.0
0.40928258192166644,M,Greater than 45,Male,Other,1.0
0.06940465478589286,M,Greater than 45,Male,Caucasian,1.0
-1.3069604526752068,M,25 - 45,Male,African-American,1.0
0.02234884292360606,F,Less than 25,Male,Caucasian,1.0
1.3951681351367697,F,25 - 45,Female,African-American,1.0
-0.621070876589711,M,25 - 45,Male,Caucasian,1.0
0.07584077633145792,M,25 - 45,Male,Caucasian,1.0
6.055546810447388,F,Greater than 45,Male,Other,1.0
1.3450008933062747,F,25 - 45,Female,Caucasian,1.0
-0.10704683386539436,F,Greater than 45,Male,Caucasian,1.0
-1.3786843458768074,F,Greater than 45,Male,Caucasian,1.0
25.350182020704878,F,25 - 45,Female,African-American,1.0
4.472627972330164,M,25 - 45,Female,African-American,1.0
0.20765555676948155,M,25 - 45,Female,Asian,1.0
0.8464099109514787,F,Greater than 45,Male,African-American,1.0
0.44365251848373877,F,25 - 45,Male,African-American,1.0
0.1818070973501516,F,Less than 25,Female,African-American,1.0
-0.6968389435277441,F,Greater than 45,Male,Caucasian,1.0
3.176621538909311,F,25 - 45,Male,Native American,1.0
0.6047548645689586,F,25 - 45,Male,Caucasian,1.0
-0.19979095719524362,F,Less than 25,Female,Caucasian,1.0
0.1389062178054732,M,Greater than 45,Female,African-American,1.0
17.89178842326783,M,25 - 45,Male,African-American,1.0
-0.46017244175615746,M,Less than 25,Male,African-American,1.0
3.486326898711495,M,Less than 25,Male,African-American,1.0
-7.847960374663877,F,25 - 45,Male,African-American,1.0
5.679073821477289,F,25 - 45,Female,Other,1.0
0.9432466314439761,F,Greater than 45,Male,African-American,1.0
0.05912045551191238,F,25 - 45,Male,African-American,1.0
1.3525125029654124,F,Greater than 45,Male,Caucasian,1.0
0.559114775487779,M,Greater than 45,Male,African-American,1.0
2.137868041471213,M,25 - 45,Male,African-American,1.0
-0.8736279024623315,F,25 - 45,Female,Caucasian,1.0
1.1854004076972051,M,Less than 25,Male,African-American,1.0
0.633387439937307,F,25 - 45,Male,Hispanic,1.0
-0.06677033169914363,M,25 - 45,Male,Other,1.0
-0.3004009378707851,F,Greater than 45,Male,Caucasian,1.0
0.5542504532020908,F,25 - 45,Male,African-American,1.0
2.7568787176899674,F,Less than 25,Female,Caucasian,1.0
0.0549208033185855,F,Greater than 45,Female,Caucasian,1.0
-0.5709099907981003,F,Greater than 45,Female,Caucasian,1.0
2.706082037351367,F,25 - 45,Female,Asian,1.0
-0.8024429694085775,M,Less than 25,Male,Other,1.0
2.6859607371262166,M,25 - 45,Female,Other,1.0
11.079047602506545,M,25 - 45,Male,African-American,1.0
-0.6659586913557399,M,25 - 45,Male,African-American,1.0
3.0149285802469197,F,25 - 45,Male,Asian,1.0
0.8607493471941107,F,Greater than 45,Male,Hispanic,1.0
-0.6046717821830643,F,25 - 45,Male,African-American,1.0
2.862248206788,M,25 - 45,Male,African-American,1.0
2.7950898688080006,F,Greater than 45,Female,African-American,1.0
0.12258799289651015,M,Greater than 45,Female,African-American,1.0
2.1423481189144318,F,Greater than 45,Male,Caucasian,1.0
-0.6922267378746685,M,25 - 45,Male,African-American,1.0
0.4282897463361748,F,Greater than 45,Male,African-American,1.0
1.7781586748488443,F,25 - 45,Male,Caucasian,1.0
7.539446920727508,F,Less than 25,Male,African-American,1.0
7.5459308496078,M,25 - 45,Male,Hispanic,1.0
0.3023145720511742,M,Greater than 45,Male,African-American,1.0
-0.7777232996132306,M,Greater than 45,Male,Other,1.0
10.471479795823772,F,Greater than 45,Male,Caucasian,1.0
0.502383856678412,M,Greater than 45,Female,Other,1.0
0.5041323271474603,M,Greater than 45,Female,Caucasian,1.0
-0.6471894127215571,F,25 - 45,Male,African-American,1.0
1.5011980983442532,M,25 - 45,Female,Hispanic,1.0
-0.23714116363940363,M,25 - 45,Female,African-American,1.0
0.10324803486648282,F,Greater than 45,Male,African-American,1.0
-0.9725760579500577,M,25 - 45,Male,Caucasian,1.0
0.5738578111665354,M,Greater than 45,Female,Caucasian,1.0
4.983522457795086,F,Greater than 45,Female,Caucasian,1.0
2.899498951901471,F,Greater than 45,Male,Native American,1.0
-0.6158435058438141,F,25 - 45,Male,African-American,1.0
11.423075248775035,M,Greater than 45,Male,Native American,1.0
0.19207242994184237,F,25 - 45,Male,African-American,1.0
-0.8551980452850829,F,Greater than 45,Male,African-American,1.0
0.12912836766184266,M,Greater than 45,Female,Caucasian,1.0
0.06871912798440638,F,25 - 45,Male,Hispanic,1.0
2.369200915518235,M,25 - 45,Male,Caucasian,1.0
8.656490220487527,M,25 - 45,Male,Other,1.0
1.5325846982009566,F,Greater than 45,Male,Hispanic,1.0
0.34418426372417776,M,Greater than 45,Female,Caucasian,1.0
0.5405065376041792,M,25 - 45,Male,Hispanic,1.0
0.13844955413074977,F,Greater than 45,Male,Other,1.0
0.9770187427862034,F,Less than 25,Male,African-American,1.0
-0.6700092450551103,F,Greater than 45,Male,African-American,1.0
4.411723575128272,F,25 - 45,Female,African-American,1.0
-0.6633313323022277,M,Greater than 45,Male,Hispanic,1.0
2.007385489641443,F,25 - 45,Male,Caucasian,1.0
-0.4940685385244033,F,Greater than 45,Male,Hispanic,1.0
-0.8107902781878128,M,Greater than 45,Female,Hispanic,1.0
-0.0065276975370458425,M,Less than 25,Male,Caucasian,1.0
-0.9404488179686143,F,Greater than 45,Female,Caucasian,1.0
-0.47653657192910615,M,Greater than 45,Female,Other,1.0
-0.24553712556662816,F,Greater than 45,Female,Caucasian,1.0
-0.6569895603640415,F,Greater than 45,Male,Hispanic,1.0
2.0465433984727968,F,25 - 45,Male,Caucasian,1.0
-1.0623512158434565,F,25 - 45,Female,Caucasian,1.0
-1.1775223340717869,M,25 - 45,Male,African-American,1.0
9.733043020621764,F,Greater than 45,Female,Caucasian,1.0
2.0289972799121783,F,Less than 25,Male,Other,1.0
-0.1425897489896295,F,Less than 25,Female,African-American,1.0
0.4148589681478939,M,Greater than 45,Female,African-American,1.0
0.6617933447839075,M,Greater than 45,Male,African-American,1.0
0.7648360015580047,F,Greater than 45,Male,African-American,1.0
2.3663574674430645,F,Greater than 45,Male,Hispanic,1.0
-0.43527939718731046,F,25 - 45,Male,Other,1.0
0.5060091303431709,F,Greater than 45,Female,Hispanic,1.0
-0.7370345416743247,F,Greater than 45,Female,Caucasian,1.0
4.389703398087527,M,Greater than 45,Male,Caucasian,1.0
-1.2539946592484168,F,25 - 45,Male,African-American,1.0
-0.6679250702329882,F,Greater than 45,Male,Hispanic,1.0
-0.47650854370307527,F,Less than 25,Male,Caucasian,1.0
0.5402874739058101,F,Greater than 45,Female,Other,1.0
0.6457176861021632,F,Less than 25,Female,Hispanic,1.0
1.5799513552314863,F,Greater than 45,Male,Other,1.0
-1.1704733497674829,F,Greater than 45,Male,African-American,1.0
-0.559511400915292,F,Greater than 45,Male,Caucasian,1.0
0.0965778991902555,M,25 - 45,Male,Caucasian,1.0
1.4709193473391222,F,Greater than 45,Male,Caucasian,1.0
1.1393140968214608,M,25 - 45,Male,Hispanic,1.0
-0.10777504416010299,M,25 - 45,Male,Caucasian,1.0
-0.5342552336085672,M,Less than 25,Male,Caucasian,1.0
1.7739480428689731,F,Less than 25,Male,Caucasian,1.0
2.3928062357003435,M,25 - 45,Female,Caucasian,1.0
0.22531806857742565,M,25 - 45,Male,Caucasian,1.0
-0.18938347410307246,F,Less than 25,Female,Asian,1.0
0.8464681654788453,F,Greater than 45,Male,Caucasian,1.0
3.7627242250785304,F,25 - 45,Female,Caucasian,1.0
11.534788618477013,F,Greater than 45,Male,Native American,1.0
13.015920878947009,F,Greater than 45,Female,Caucasian,1.0
2.7649614374733784,M,Greater than 45,Female,Caucasian,1.0
0.9206836958835134,F,25 - 45,Female,Caucasian,1.0
9.447487225848885,F,Greater than 45,Male,Other,1.0
0.0525182341881687,M,25 - 45,Male,Caucasian,1.0
-0.6382378817764972,F,Less than 25,Male,Caucasian,1.0
2.330134319528293,F,Greater than 45,Male,Native American,1.0
2.3818733779469854,M,Less than 25,Male,Caucasian,1.0
-0.5279891151027947,M,25 - 45,Female,Hispanic,1.0
1.852376657358442,M,Less than 25,Male,Caucasian,1.0
-0.9669344790276799,M,Greater than 45,Male,Other,1.0
2.2153718854548967,M,Less than 25,Male,Caucasian,1.0
0.4703060738839687,F,Greater than 45,Male,Native American,1.0
-0.8659523711302944,F,Greater than 45,Male,African-American,1.0
-0.004526523507884869,M,25 - 45,Male,African-American,1.0
-0.6343902305159401,F,25 - 45,Male,Caucasian,1.0
-0.2571173924298016,M,25 - 45,Male,Hispanic,1.0
-0.7433926862831282,F,Less than 25,Female,Hispanic,1.0
-0.5315523988886459,F,25 - 45,Female,Hispanic,1.0
4.748785878552525,F,Less than 25,Male,Caucasian,1.0
1.7081149514293283,F,Less than 25,Male,Hispanic,1.0
0.9994352188625206,F,25 - 45,Male,Caucasian,1.0
1.7139100110094634,M,25 - 45,Female,African-American,1.0
-0.5904466123740715,F,Less than 25,Female,Caucasian,1.0
-0.5708309077170168,F,Less than 25,Male,African-American,1.0
0.17939185971937666,F,Greater than 45,Male,Caucasian,1.0
1.2627100740253534,F,Less than 25,Male,African-American,1.0
0.11651144295391323,F,Less than 25,Female,Asian,1.0
-1.2771703203064226,M,25 - 45,Male,Caucasian,1.0
-0.621374310249369,F,Greater than 45,Male,Other,1.0
0.08685872711461409,M,25 - 45,Male,African-American,1.0
11.995004301859078,M,Greater than 45,Male,Other,1.0
0.23032575726466464,M,Greater than 45,Male,Caucasian,1.0
1.7228213281393872,F,25 - 45,Male,Caucasian,1.0
-1.025336977441507,M,25 - 45,Male,African-American,1.0
6.212083513374331,F,25 - 45,Male,Caucasian,1.0
0.5175059060424544,F,Greater than 45,Male,Caucasian,1.0
2.122257778015686,F,25 - 45,Male,Caucasian,1.0
2.2499782788527485,M,Less than 25,Male,African-American,1.0
-0.7119489516286982,M,25 - 45,Male,African-American,1.0
-0.48095600187625887,M,Less than 25,Female,African-American,1.0
-0.7547668536853159,M,Greater than 45,Male,Caucasian,1.0
2.887329065208328,F,25 - 45,Male,African-American,1.0
2.0468441900108285,F,Greater than 45,Female,African-American,1.0
3.2580175273109253,F,Greater than 45,Male,African-American,1.0
-1.2797234563343318,M,Less than 25,Male,Hispanic,1.0
-0.7717048532740081,M,25 - 45,Male,Hispanic,1.0
0.1581367076296205,F,25 - 45,Female,Caucasian,1.0
-0.6943756731219795,F,25 - 45,Male,Caucasian,1.0
-0.7744580267776425,M,25 - 45,Male,Caucasian,1.0
-0.8495914808297109,F,25 - 45,Female,Other,1.0
-0.7773774261487606,F,25 - 45,Male,Caucasian,1.0
-1.008565281360647,F,25 - 45,Male,Caucasian,1.0
0.8011581297211906,M,Greater than 45,Female,Other,1.0
-1.0374615334396569,M,Greater than 45,Male,Other,1.0
-1.1300925762077352,F,Less than 25,Male,Caucasian,1.0
1.4824799799376143,F,Greater than 45,Male,African-American,1.0
6.720830437890543,F,Less than 25,Male,Caucasian,1.0
2.831493982066577,F,25 - 45,Male,African-American,1.0
-1.5753660030716063,M,Less than 25,Female,Caucasian,1.0
-0.3603131027161053,M,Less than 25,Male,Other,1.0
0.0875311169315296,F,Greater than 45,Male,Caucasian,1.0
-0.6267025707877385,F,Greater than 45,Male,Hispanic,1.0
10.560643842714821,F,Greater than 45,Male,Other,1.0
0.3273569568080137,F,Greater than 45,Male,Caucasian,1.0
3.9642125666856307,M,25 - 45,Female,African-American,1.0
2.353597775968203,F,25 - 45,Male,African-American,1.0
-0.505914824481317,M,25 - 45,Female,African-American,1.0
0.9951385108608956,F,Greater than 45,Female,Caucasian,1.0
5.491880677726634,F,25 - 45,Male,African-American,1.0
0.9907943954639464,F,25 - 45,Male,Caucasian,1.0
-0.2999837830198586,F,Greater than 45,Female,Caucasian,1.0
0.2136631321101825,F,25 - 45,Female,Caucasian,1.0
1.0359476467176372,M,Greater than 45,Male,Caucasian,1.0
3.0626061794711337,F,25 - 45,Male,African-American,1.0
-0.6726473113613303,M,25 - 45,Female,Hispanic,1.0
-0.18984749010665491,M,25 - 45,Male,Caucasian,1.0
0.333610427371525,M,25 - 45,Male,Caucasian,1.0
-0.007478986749889076,M,Greater than 45,Male,African-American,1.0
2.627162039966545,F,Greater than 45,Male,African-American,1.0
-0.08045296263365034,F,Greater than 45,Male,Caucasian,1.0
0.5984441681905428,F,Less than 25,Male,African-American,1.0
4.74173366799881,F,25 - 45,Male,Other,1.0
0.09948522798362003,F,Greater than 45,Male,Caucasian,1.0
-0.08320144161341969,M,25 - 45,Male,Other,1.0
0.648458018053963,F,Greater than 45,Female,African-American,1.0
1.0762911482824546,M,Greater than 45,Male,Caucasian,1.0
0.5409102667535612,M,25 - 45,Female,African-American,1.0
-0.33177483301120003,M,Less than 25,Male,Caucasian,1.0
0.18290979380831643,F,25 - 45,Male,African-American,1.0
0.1909727231591209,M,25 - 45,Male,Caucasian,1.0
2.1485124654969656,F,Less than 25,Male,Caucasian,1.0
-1.3351256568439722,M,Greater than 45,Male,Other,1.0
-0.28333468123994665,M,Greater than 45,Female,Caucasian,1.0
-0.48203862354205906,F,Greater than 45,Female,Hispanic,1.0
-0.5924101040633802,M,Greater than 45,Female,Caucasian,1.0
-0.476606615445846,F,Less than 25,Male,African-American,1.0
0.21520595712642265,F,Less than 25,Male,Hispanic,1.0
0.43447271441907703,M,Greater than 45,Female,Caucasian,1.0
0.19758393307365013,F,Greater than 45,Male,African-American,1.0
0.7593100165715676,M,Greater than 45,Male,Other,1.0
-0.7020363778327815,M,Greater than 45,Male,Caucasian,1.0
0.8847576204809637,F,Greater than 45,Male,Caucasian,1.0
3.8943581662431455,F,Greater than 45,Male,African-American,1.0
-1.4592581995717175,F,Greater than 45,Female,Caucasian,1.0
3.2385883754523555,F,25 - 45,Female,Caucasian,1.0
-0.028552850310273215,F,Greater than 45,Male,Caucasian,1.0
-2.4893574311858444,F,Greater than 45,Male,Caucasian,1.0
-0.6993267736944074,M,Greater than 45,Male,Hispanic,1.0
19.31217339600299,F,Less than 25,Female,Caucasian,1.0
3.1643974688879064,M,Greater than 45,Female,African-American,1.0
-0.5677114165609213,M,25 - 45,Male,African-American,1.0
-0.9369888361764099,M,25 - 45,Male,African-American,1.0
0.21063004178592326,F,Less than 25,Male,African-American,1.0
-1.232286479939893,F,25 - 45,Female,African-American,1.0
-0.7000424136536292,F,Greater than 45,Female,African-American,1.0
2.720311784664066,M,Greater than 45,Female,Caucasian,1.0
0.015367636719296932,F,25 - 45,Female,Caucasian,1.0
-0.7050698826539672,F,Less than 25,Male,Hispanic,1.0
1.507818765359271,F,Greater than 45,Male,African-American,1.0
0.9791458007731815,F,25 - 45,Male,African-American,1.0
4.750666101003809,M,Greater than 45,Male,Caucasian,1.0
-0.3249846275138002,F,Less than 25,Male,African-American,1.0
-2.4499499197560333,M,Greater than 45,Male,Caucasian,1.0
0.9051040020027759,M,Greater than 45,Female,Caucasian,1.0
0.18309638032368847,F,25 - 45,Male,Caucasian,1.0
-0.651025352924465,F,25 - 45,Male,Other,1.0
-0.37232431139010447,M,25 - 45,Male,Caucasian,1.0
0.693866237657913,F,25 - 45,Female,African-American,1.0
-0.33318789934530035,M,Less than 25,Male,Other,1.0
1.082424058146621,F,Greater than 45,Male,Caucasian,1.0
0.0445712073218123,F,Greater than 45,Male,Caucasian,1.0
0.2274822146514639,F,Less than 25,Male,African-American,1.0
0.9179231570221797,F,25 - 45,Male,African-American,1.0
-1.0564539034877565,F,Greater than 45,Male,African-American,1.0
-0.18533496314153397,M,25 - 45,Male,Caucasian,1.0
2.210529877324068,F,Greater than 45,Male,Other,1.0
-0.5674886387842691,F,25 - 45,Female,Hispanic,1.0
0.0460680539076741,F,Less than 25,Male,Hispanic,1.0
-1.7638896829304178,M,Greater than 45,Female,Caucasian,1.0
-0.7572779721266187,F,25 - 45,Male,African-American,1.0
2.5033624549119207,M,Greater than 45,Male,African-American,1.0
2.589357039161685,F,Greater than 45,Female,Hispanic,1.0
0.16579845256844994,M,Greater than 45,Male,Caucasian,1.0
-0.965971722006322,M,Greater than 45,Male,Caucasian,1.0
5.672204354175609,F,25 - 45,Female,African-American,1.0
-1.2253655168269701,F,Greater than 45,Female,African-American,1.0
-0.34327030092118793,F,25 - 45,Male,Caucasian,1.0
1.7953056315953386,M,Greater than 45,Male,Caucasian,1.0
-0.5561198786200883,M,Greater than 45,Male,Caucasian,1.0
-5.873351764717828,F,Less than 25,Male,African-American,1.0
0.31876940553469046,M,25 - 45,Male,Caucasian,1.0
-0.18793926205043632,M,Greater than 45,Male,Other,1.0
-0.10760417982900139,F,Greater than 45,Male,African-American,1.0
-0.4074325689302154,F,Less than 25,Male,Caucasian,1.0
-0.6891702752977407,F,25 - 45,Male,Other,1.0
-2.3095567465614977,F,Greater than 45,Male,Caucasian,1.0
-0.5757287397072234,F,25 - 45,Male,Caucasian,1.0
2.0215978898134335,F,Greater than 45,Male,Hispanic,1.0
0.30574179737445195,F,Greater than 45,Female,Caucasian,1.0
0.09709284280901942,M,Greater than 45,Male,Native American,1.0
1.8315342150093707,F,25 - 45,Male,Caucasian,1.0
1.846239733482704,M,Greater than 45,Female,Caucasian,1.0
3.1540647891355373,M,25 - 45,Male,Other,1.0
-0.42689410838817965,F,Less than 25,Male,African-American,1.0
2.339968976769459,M,Greater than 45,Male,African-American,1.0
0.39496540458226725,M,Greater than 45,Female,Caucasian,1.0
-0.008068010657321434,F,Greater than 45,Male,African-American,1.0
2.4168253015780654,F,25 - 45,Male,Caucasian,1.0
1.0091249291294146,F,25 - 45,Male,Caucasian,1.0
1.7562518554866624,M,25 - 45,Male,Caucasian,1.0
1.1568586930336024,M,Greater than 45,Male,Other,1.0
3.098334819558435,M,Less than 25,Male,African-American,1.0
1.0374343988048722,M,Greater than 45,Male,Other,1.0
2.7000505320517263,M,Greater than 45,Male,Caucasian,1.0
-0.1847268093003298,M,25 - 45,Female,Other,1.0
2.7011693457942743,F,25 - 45,Male,Caucasian,1.0
-0.02864439556097853,M,Greater than 45,Female,Caucasian,1.0
1.2114213275677326,F,Less than 25,Male,African-American,1.0
0.9033124124043754,F,25 - 45,Male,African-American,1.0
-0.566467757507628,F,25 - 45,Male,African-American,1.0
-0.6482371843193472,M,Greater than 45,Male,African-American,1.0
-0.5392750278991488,F,Greater than 45,Female,Caucasian,1.0
-0.8905379450042106,M,Greater than 45,Female,African-American,1.0
0.8917008373259709,F,25 - 45,Male,Caucasian,1.0
3.682092237098908,F,25 - 45,Female,African-American,1.0
2.185350192643927,F,25 - 45,Male,African-American,1.0
1.3576485696060714,F,Greater than 45,Female,Hispanic,1.0
1.2916636983005592,F,25 - 45,Male,Caucasian,1.0
26.66783399997565,M,25 - 45,Male,Caucasian,1.0
2.527078641633242,F,Greater than 45,Male,Caucasian,1.0
-4.533743164858464,F,Greater than 45,Female,African-American,1.0
0.8831059234687973,F,Less than 25,Male,Hispanic,1.0
1.9629906203119327,F,25 - 45,Male,African-American,1.0
1.4919154140620332,F,Greater than 45,Male,African-American,1.0
-0.16322531383325845,M,25 - 45,Male,Caucasian,1.0
2.3208853066811472,F,25 - 45,Female,African-American,1.0
-0.8747112384469429,F,Greater than 45,Male,African-American,1.0
1.959111083278076,F,25 - 45,Male,Caucasian,1.0
-0.6992770299682685,F,Greater than 45,Male,Hispanic,1.0
-1.5255300595324965,F,25 - 45,Male,African-American,1.0
5.866383488865996,F,25 - 45,Male,Caucasian,1.0
23.993021644765797,F,25 - 45,Male,Hispanic,1.0
-0.7910221467166487,M,Greater than 45,Female,Caucasian,1.0
-1.3537557890217142,F,25 - 45,Male,Native American,1.0
3.143316967892072,F,25 - 45,Male,Caucasian,1.0
-0.1710550483471489,M,25 - 45,Male,Caucasian,1.0
1.7708438006333398,F,25 - 45,Male,Hispanic,1.0
2.1248039489608996,M,25 - 45,Female,Caucasian,1.0
-0.6722326012259943,M,Greater than 45,Male,Caucasian,1.0
-0.30397220817082143,F,Greater than 45,Male,African-American,1.0
-0.26563633190257296,F,25 - 45,Male,African-American,1.0
-0.14650787683880218,F,Less than 25,Male,Other,1.0
0.3355951839617441,M,25 - 45,Male,Caucasian,1.0
-1.1264750675419202,M,Greater than 45,Male,Hispanic,1.0
1.458104590342004,F,25 - 45,Female,Caucasian,1.0
-0.4003394232308047,F,25 - 45,Female,Caucasian,1.0
-1.343896918000246,F,Less than 25,Male,African-American,1.0
14.257023835474609,F,25 - 45,Male,African-American,1.0
-0.12520264784748103,M,25 - 45,Male,African-American,1.0
3.161215944478575,M,Greater than 45,Male,Caucasian,1.0
-0.3106123501004001,F,25 - 45,Female,African-American,1.0
0.8605093678583333,F,Greater than 45,Male,African-American,1.0
0.44629334593982684,M,25 - 45,Male,Hispanic,1.0
-0.6923029497587327,F,Greater than 45,Male,Caucasian,1.0
-0.4715885945439941,M,25 - 45,Male,African-American,1.0
-0.47308386238464195,F,25 - 45,Male,Caucasian,1.0
1.9710421885851215,F,25 - 45,Female,Caucasian,1.0
0.5079396923697042,F,Greater than 45,Male,African-American,1.0
-1.1434210742894337,M,Less than 25,Male,Caucasian,1.0
11.277877256167123,M,Greater than 45,Male,Caucasian,1.0
0.12832276945563637,M,Greater than 45,Male,Caucasian,1.0
-0.33187320073703797,F,Greater than 45,Female,African-American,1.0
2.0306893140504365,F,Greater than 45,Female,African-American,1.0
-1.4648167624292232,F,Greater than 45,Male,Caucasian,1.0
0.25833132940251313,F,25 - 45,Male,Caucasian,1.0
0.9081528745704542,M,Greater than 45,Male,Caucasian,1.0
1.5339003137983127,M,Greater than 45,Male,Caucasian,1.0
1.6864965783978283,M,Greater than 45,Female,African-American,1.0
-2.156724516746241,M,25 - 45,Male,African-American,1.0
-0.7420998391303112,F,Greater than 45,Female,African-American,1.0
1.3701175597108257,F,Less than 25,Male,African-American,1.0
-0.11511858833464161,F,Greater than 45,Male,Other,1.0
9.150223647769648,F,Greater than 45,Male,Caucasian,1.0
-0.17804154899099056,M,Greater than 45,Male,Caucasian,1.0
3.8250040331505644,M,Greater than 45,Male,African-American,1.0
-1.2129143818890844,F,Less than 25,Male,African-American,1.0
12.504347499866737,F,Greater than 45,Male,Caucasian,1.0
0.2001064614311197,M,Greater than 45,Male,Caucasian,1.0
2.8387202703117356,F,Greater than 45,Male,African-American,1.0
-0.33152548270535137,M,Greater than 45,Male,African-American,1.0
-0.7822310858421542,M,Greater than 45,Male,Other,1.0
10.29481513851482,F,25 - 45,Male,Caucasian,1.0
19.644895588997482,F,25 - 45,Female,Caucasian,1.0
1.7460887387901756,F,Greater than 45,Male,Caucasian,1.0
0.4127897246417772,M,25 - 45,Male,African-American,1.0
-1.0464141685376442,F,Greater than 45,Male,Caucasian,1.0
-0.8411819769811233,M,Greater than 45,Male,Other,1.0
-0.6154508404043617,F,25 - 45,Female,African-American,1.0
0.8444715560109912,F,Greater than 45,Male,Hispanic,1.0
3.504570792930866,M,Greater than 45,Male,Caucasian,1.0
3.0465963863857435,F,Greater than 45,Female,African-American,1.0
0.013707543414847478,M,Greater than 45,Male,African-American,1.0
1.001280052867584,M,25 - 45,Male,African-American,1.0
2.510565976671954,M,Greater than 45,Male,Caucasian,1.0
0.46419557184826,F,25 - 45,Male,Caucasian,1.0
1.8191584448529763,M,Less than 25,Female,African-American,1.0
-0.9913994807397906,F,Greater than 45,Male,Other,1.0
-0.9422283169202816,M,25 - 45,Male,African-American,1.0
0.8882398138230801,F,Greater than 45,Male,Other,1.0
6.208010681905227,F,Greater than 45,Male,African-American,1.0
2.0958504617907336,M,Greater than 45,Male,Caucasian,1.0
0.5044449454663641,M,Greater than 45,Female,Asian,1.0
0.30700078978214207,M,Greater than 45,Male,African-American,1.0
-0.30524600019879067,M,Greater than 45,Male,African-American,1.0
3.6271081978413915,F,25 - 45,Female,African-American,1.0
