priors_count,c_charge_degree,race,age_cat,sex,preds
-0.7958263729401938,F,African-American,25 - 45,Male,0.0
5.211744566875355,F,African-American,Less than 25,Male,0.0
3.546710706567112,F,Native American,Less than 25,Male,0.0
7.468088606733749,F,Caucasian,Less than 25,Female,0.0
8.206505528020795,F,Hispanic,Less than 25,Male,0.0
-0.10982835226277564,F,African-American,Less than 25,Male,0.0
0.06271433651825284,M,Hispanic,25 - 45,Female,0.0
-1.5487902904788364,F,African-American,Less than 25,Male,0.0
1.736561452901935,F,African-American,Less than 25,Male,0.0
2.953750212278508,F,African-American,25 - 45,Male,0.0
0.03530280969774426,F,Caucasian,25 - 45,Male,0.0
1.0371473639223823,F,African-American,Greater than 45,Male,0.0
0.4761389176063094,F,Native American,25 - 45,Male,0.0
0.67220364794672,F,Caucasian,Greater than 45,Male,0.0
2.013985902217292,M,African-American,Less than 25,Male,0.0
-0.3671708041963848,F,Native American,Less than 25,Male,0.0
-1.0877970356452904,F,African-American,25 - 45,Male,0.0
-0.27885285052581943,F,Hispanic,25 - 45,Female,0.0
1.6377077034539984,F,Caucasian,Less than 25,Male,0.0
0.2601501079936755,F,African-American,25 - 45,Male,0.0
-0.15699026489192103,F,African-American,25 - 45,Female,0.0
3.1231684304961775,F,Native American,25 - 45,Female,0.0
0.7048232233253595,F,African-American,Greater than 45,Male,0.0
0.3742014216259034,F,Other,25 - 45,Male,0.0
1.8343778245040148,F,African-American,25 - 45,Male,0.0
0.15966808643785102,F,Other,Less than 25,Female,0.0
3.518966222123871,F,African-American,Less than 25,Female,0.0
-0.09030547543390902,F,Caucasian,25 - 45,Male,0.0
-0.8880346745132667,F,African-American,Greater than 45,Male,0.0
0.21548428469042819,F,Caucasian,Greater than 45,Male,0.0
2.1039406359283683,F,Caucasian,Less than 25,Female,0.0
0.5554764145353196,F,African-American,Less than 25,Male,0.0
10.002557970678335,F,Native American,Less than 25,Male,0.0
0.28708652766165815,F,African-American,Less than 25,Male,0.0
2.352088832331355,F,African-American,25 - 45,Female,0.0
-0.09192881000520736,F,African-American,Greater than 45,Male,0.0
6.055380668227199,F,Caucasian,Less than 25,Male,0.0
0.752628757503029,F,African-American,Greater than 45,Male,0.0
-1.1841283047521425,F,African-American,25 - 45,Male,0.0
-1.2095500939256665,F,Caucasian,25 - 45,Female,0.0
-0.12536808319339832,F,Caucasian,25 - 45,Male,0.0
14.953969075030894,F,Caucasian,Less than 25,Male,0.0
5.020007481420514,F,Caucasian,Greater than 45,Female,0.0
0.1040849066026933,F,Caucasian,Less than 25,Male,0.0
0.24123365482500717,F,African-American,25 - 45,Male,0.0
1.0025168964894622,M,African-American,25 - 45,Male,0.0
-0.23890865020710755,M,African-American,Less than 25,Male,0.0
1.6301817847408862,F,African-American,25 - 45,Female,0.0
-0.597221943430277,F,Hispanic,25 - 45,Male,0.0
1.8076895897717526,F,Hispanic,Less than 25,Male,0.0
5.013368995310363,F,Caucasian,25 - 45,Female,0.0
2.6424623573589696,F,Caucasian,Less than 25,Male,0.0
13.051003089443958,M,Hispanic,Less than 25,Male,0.0
-0.6178865396344038,F,African-American,25 - 45,Male,0.0
2.241856662115404,M,African-American,25 - 45,Male,0.0
0.6800774169597444,F,African-American,Less than 25,Male,0.0
0.014275491453540453,F,Caucasian,Less than 25,Female,0.0
1.9773367419394172,F,African-American,Less than 25,Male,0.0
0.2663546263362133,F,Other,Less than 25,Female,0.0
8.093670018864573,M,Other,25 - 45,Male,0.0
0.14208203542843625,F,Caucasian,Less than 25,Male,0.0
3.3719661306537576,F,Caucasian,Less than 25,Male,0.0
1.266804041046793,F,African-American,25 - 45,Male,0.0
-0.423581957825164,F,African-American,25 - 45,Male,0.0
1.2604974237672777,F,African-American,25 - 45,Male,0.0
0.6448746468695911,F,Native American,25 - 45,Male,0.0
-0.05540259625250704,F,African-American,Greater than 45,Male,0.0
1.94399592076415,F,Caucasian,25 - 45,Male,0.0
-0.8672488855925532,F,Caucasian,Less than 25,Male,0.0
-1.142574117246748,F,Native American,25 - 45,Male,0.0
-1.2112075458882878,F,Caucasian,Less than 25,Female,0.0
-0.02709506686756085,M,Hispanic,Less than 25,Male,0.0
2.7180293653955894,M,Caucasian,25 - 45,Male,0.0
1.3814974355950411,F,Hispanic,25 - 45,Male,0.0
2.341013328258978,F,Hispanic,25 - 45,Female,0.0
-1.2801021468863003,F,African-American,25 - 45,Male,0.0
1.2031518134173993,F,African-American,25 - 45,Male,0.0
-0.593182498505591,M,Native American,25 - 45,Male,0.0
0.14948290523016763,F,African-American,25 - 45,Male,0.0
-0.25182842284634643,F,Other,25 - 45,Male,0.0
-0.419438238139223,F,Other,Less than 25,Male,0.0
8.561438333446647,M,African-American,25 - 45,Male,0.0
-0.1084453432747364,F,African-American,Greater than 45,Male,0.0
-0.3098294747332082,F,Other,Less than 25,Male,0.0
0.19090801120056797,F,African-American,Less than 25,Male,0.0
-0.0021638692156822348,F,Asian,25 - 45,Male,0.0
0.24690139527394672,F,Hispanic,Less than 25,Male,0.0
3.352973819446917,F,African-American,Less than 25,Male,0.0
3.465759039578742,F,Hispanic,25 - 45,Male,0.0
2.7363537820608648,F,African-American,25 - 45,Female,0.0
-0.5289358394550956,F,Hispanic,Greater than 45,Male,0.0
-0.7954971091452255,F,Caucasian,25 - 45,Male,0.0
0.621192746852399,F,African-American,25 - 45,Male,0.0
0.34207667953718235,M,Caucasian,25 - 45,Male,0.0
0.23763263843854188,F,Hispanic,Less than 25,Female,0.0
1.936382911457621,F,Hispanic,Less than 25,Female,0.0
0.024314448735502255,F,Other,Less than 25,Male,0.0
1.145893400860707,F,African-American,25 - 45,Male,0.0
0.6748546867701849,F,Hispanic,25 - 45,Male,0.0
0.1772327415022979,F,Caucasian,Greater than 45,Male,0.0
-0.3668054405618737,F,African-American,Less than 25,Male,0.0
7.252600758345943,F,Caucasian,25 - 45,Male,0.0
9.40628270093372,F,African-American,25 - 45,Male,0.0
1.2843512605003542,M,African-American,Greater than 45,Male,0.0
0.33880705863260935,F,Caucasian,Less than 25,Male,0.0
1.4873065398073866,F,Caucasian,Less than 25,Male,0.0
0.809487949999701,M,African-American,Less than 25,Male,0.0
0.8231394964411903,F,Caucasian,Less than 25,Male,0.0
5.6976319714963735,F,Hispanic,Greater than 45,Male,0.0
0.3440855256323456,F,Caucasian,Less than 25,Female,0.0
0.438451295304152,F,African-American,Less than 25,Male,0.0
0.650013773938831,F,Caucasian,Less than 25,Female,0.0
7.002524493176367,F,Other,Less than 25,Male,0.0
0.6648068669885026,F,African-American,Greater than 45,Male,0.0
22.962334609085637,M,Native American,25 - 45,Male,0.0
6.119212253127892,F,Caucasian,25 - 45,Male,0.0
-0.25298082437919084,F,African-American,Less than 25,Female,0.0
1.9190841694159837,F,African-American,25 - 45,Male,0.0
3.5494078585160156,F,African-American,25 - 45,Male,0.0
0.018106451058649498,F,African-American,25 - 45,Male,0.0
7.359866714164274,F,African-American,25 - 45,Female,0.0
0.13882309144835947,F,Caucasian,25 - 45,Male,0.0
0.11472159730576603,F,African-American,Greater than 45,Male,0.0
-0.44489811667598667,M,Native American,25 - 45,Male,0.0
2.4820821892276683,F,Caucasian,Greater than 45,Male,0.0
0.7546937181080626,F,Asian,Greater than 45,Male,0.0
0.6897075085657186,F,Caucasian,25 - 45,Male,0.0
0.8428204976434445,F,African-American,Less than 25,Male,0.0
-0.6484671894915772,F,African-American,25 - 45,Male,0.0
3.7513474087768754,M,Hispanic,25 - 45,Male,0.0
-1.0993775098595044,F,African-American,25 - 45,Female,0.0
-0.07809824536725242,F,Native American,Less than 25,Male,0.0
2.1381040157022717,F,Caucasian,25 - 45,Male,0.0
-0.7031159365870481,F,Caucasian,25 - 45,Male,0.0
2.4409991639309374,M,Hispanic,25 - 45,Male,0.0
-0.38082351448123936,F,Native American,Less than 25,Male,0.0
-0.667921130016096,F,African-American,25 - 45,Male,0.0
0.4590339141047345,F,African-American,25 - 45,Male,0.0
1.7564396867242702,M,African-American,Less than 25,Male,0.0
0.45665585963550615,M,Hispanic,Less than 25,Female,0.0
21.13108289660603,F,Native American,Less than 25,Male,0.0
1.9882308333465613,F,African-American,Greater than 45,Female,0.0
-0.4877187346406908,F,Caucasian,Less than 25,Male,0.0
0.6731574533753356,F,African-American,Less than 25,Female,0.0
7.3285773000465,F,African-American,25 - 45,Male,0.0
0.6186450990216139,F,African-American,25 - 45,Male,0.0
-0.10447940196688135,F,African-American,25 - 45,Male,0.0
1.3414092079722253,F,African-American,Less than 25,Male,0.0
-1.263843257939484,F,Native American,25 - 45,Male,0.0
0.49677164238919436,F,Hispanic,25 - 45,Male,0.0
-2.037583286813165,F,African-American,25 - 45,Male,0.0
1.0758817284960416,F,African-American,Less than 25,Female,0.0
0.5511374242571264,F,Native American,25 - 45,Female,0.0
31.288716222409548,M,Other,25 - 45,Female,0.0
-0.4846383264629742,F,Asian,Less than 25,Male,0.0
3.1171684566807585,M,African-American,25 - 45,Female,0.0
2.6149522738905633,F,Hispanic,25 - 45,Male,0.0
2.457297375178025,F,African-American,Less than 25,Male,0.0
6.341698774232967,F,African-American,25 - 45,Male,0.0
-0.8129084404547383,F,Caucasian,25 - 45,Male,0.0
-0.5227190995638993,F,African-American,25 - 45,Male,0.0
4.774507061620421,F,African-American,Less than 25,Male,0.0
2.1861821101097108,F,Caucasian,Less than 25,Male,0.0
-1.0731810190018876,M,Caucasian,25 - 45,Male,0.0
1.587204967692166,F,Caucasian,25 - 45,Female,0.0
0.5518282527767752,F,African-American,Less than 25,Male,0.0
-0.627144231086578,F,African-American,Less than 25,Male,0.0
2.6533661835221753,F,Caucasian,Greater than 45,Male,0.0
2.0669939478424606,F,African-American,25 - 45,Male,0.0
-0.8559536205507254,F,African-American,Less than 25,Female,0.0
0.07584178803481763,M,African-American,Less than 25,Male,0.0
0.5771435107343812,F,Caucasian,25 - 45,Female,0.0
14.015105384195781,F,African-American,Less than 25,Female,0.0
5.871852737097072,M,Hispanic,25 - 45,Male,0.0
-0.14553503243349114,F,Caucasian,25 - 45,Male,0.0
0.6161303577721391,M,African-American,25 - 45,Female,0.0
7.668355926757714,F,Caucasian,25 - 45,Male,0.0
1.8573201008965254,F,African-American,25 - 45,Male,0.0
-0.636928050168683,F,African-American,25 - 45,Female,0.0
0.34567606238616183,M,African-American,25 - 45,Female,0.0
2.0437339401181176,F,Caucasian,25 - 45,Male,0.0
1.5600140256803479,F,African-American,25 - 45,Male,0.0
2.585641437171931,F,Caucasian,Less than 25,Male,0.0
-0.9663675299968005,M,Caucasian,Less than 25,Male,0.0
0.36819372219508006,F,African-American,Less than 25,Male,0.0
-0.18518661583349902,F,Hispanic,25 - 45,Male,0.0
5.865378952667627,F,African-American,25 - 45,Male,0.0
2.032425322603766,F,African-American,25 - 45,Female,0.0
-0.6450103529548558,F,Hispanic,Less than 25,Male,0.0
1.6484744875157387,F,African-American,25 - 45,Male,0.0
2.1638560216729825,F,Caucasian,Less than 25,Male,0.0
3.1541990010120173,F,Caucasian,25 - 45,Female,0.0
0.5378486294202851,F,Hispanic,25 - 45,Male,0.0
4.13103936324815,F,Caucasian,Less than 25,Male,0.0
-0.010014464191102168,F,African-American,25 - 45,Male,0.0
2.753041173475136,F,African-American,Less than 25,Male,0.0
0.6879406895077127,F,Caucasian,25 - 45,Male,0.0
-0.5109046561423529,M,African-American,Greater than 45,Male,0.0
5.190953900779974,F,Caucasian,Less than 25,Male,0.0
1.473947819532431,M,Caucasian,25 - 45,Male,0.0
1.002653704183869,F,Hispanic,Less than 25,Male,0.0
0.20933218169591167,F,Caucasian,Greater than 45,Male,0.0
1.3102152765808284,F,African-American,Less than 25,Male,0.0
8.104698536874809,M,African-American,25 - 45,Male,0.0
-0.2734020982655323,F,African-American,Greater than 45,Male,0.0
1.4728412867487388,M,African-American,Greater than 45,Male,0.0
2.6597294263785995,F,African-American,25 - 45,Male,0.0
1.882262626161558,F,Hispanic,25 - 45,Male,0.0
1.556024573565127,F,African-American,Less than 25,Male,0.0
0.41441009680313223,F,African-American,Less than 25,Male,0.0
5.977512794652629,F,Hispanic,25 - 45,Male,0.0
1.0057864899444555,F,African-American,25 - 45,Male,0.0
2.607935820844992,F,African-American,25 - 45,Male,0.0
1.2726904070528304,F,African-American,Less than 25,Male,0.0
-0.4859156201491215,M,African-American,25 - 45,Male,0.0
0.1317498293418258,M,Caucasian,Less than 25,Male,0.0
1.2850717093628798,F,Other,Greater than 45,Male,0.0
-0.1015491698674378,F,Hispanic,25 - 45,Male,0.0
2.801134307459477,F,Caucasian,25 - 45,Male,0.0
1.3978639486450657,F,African-American,Less than 25,Male,0.0
-0.026928167320747987,F,Hispanic,Less than 25,Male,0.0
2.632895388239285,F,Caucasian,25 - 45,Male,0.0
-0.2286141247280744,F,African-American,25 - 45,Male,0.0
1.1722414318029735,F,African-American,25 - 45,Male,0.0
0.6675778370689583,F,African-American,Less than 25,Male,0.0
0.1607433715712583,F,African-American,25 - 45,Male,0.0
23.56551676938798,F,Caucasian,25 - 45,Male,0.0
-1.1723577106690533,F,African-American,25 - 45,Male,0.0
-0.707645372163776,F,African-American,25 - 45,Male,0.0
3.2560663056816077,F,African-American,Less than 25,Male,0.0
1.8733775874227967,F,African-American,Less than 25,Male,0.0
15.337353538229186,F,Caucasian,25 - 45,Male,0.0
-0.24459563686994334,M,Hispanic,Less than 25,Male,0.0
0.10642085271668783,F,African-American,Less than 25,Male,0.0
-0.5247141680214474,F,Other,25 - 45,Male,0.0
1.8448971242969145,M,Caucasian,Less than 25,Male,0.0
0.48159362711781695,M,African-American,Less than 25,Male,0.0
20.565334464346282,M,Caucasian,Less than 25,Male,0.0
-0.8561834645194604,F,African-American,25 - 45,Male,0.0
-0.12536658355171323,F,Caucasian,Less than 25,Male,0.0
1.6447839061230214,F,African-American,Less than 25,Male,0.0
0.6009314608258876,F,Hispanic,Less than 25,Female,0.0
-0.6814516983929988,F,Caucasian,Less than 25,Female,0.0
7.577097857608811,M,Caucasian,25 - 45,Male,0.0
0.814116226902988,F,African-American,Less than 25,Male,0.0
-0.8797793157552037,F,Caucasian,25 - 45,Male,0.0
2.225312391892191,F,African-American,Less than 25,Male,0.0
3.2844563682859347,M,African-American,25 - 45,Female,0.0
0.823689916150702,F,African-American,25 - 45,Male,0.0
0.7783735435950425,M,Caucasian,25 - 45,Male,0.0
0.3322634884410453,F,African-American,Less than 25,Female,0.0
-0.8893397547776918,F,African-American,25 - 45,Male,0.0
3.691495732556619,F,African-American,25 - 45,Male,0.0
-0.3902630936867839,F,Caucasian,25 - 45,Male,0.0
2.5116837952945406,F,Caucasian,25 - 45,Male,0.0
-0.6492205116399021,F,African-American,Less than 25,Female,0.0
-1.5220919719702048,M,Caucasian,25 - 45,Female,0.0
0.18620233595086133,F,African-American,Less than 25,Female,0.0
0.9240548293065265,F,Caucasian,Less than 25,Female,0.0
0.5098525096057925,F,African-American,Less than 25,Female,0.0
0.8874883452866569,F,Hispanic,25 - 45,Male,0.0
0.208781996207553,F,Caucasian,25 - 45,Male,0.0
0.8620443660754039,F,Caucasian,25 - 45,Female,0.0
3.04137961488484,F,Asian,Less than 25,Male,0.0
1.8248793324260024,F,Caucasian,Less than 25,Female,0.0
0.8416457112604078,F,African-American,Greater than 45,Female,0.0
-0.10799372306657798,F,African-American,Greater than 45,Male,0.0
2.2515911100017805,F,African-American,25 - 45,Male,0.0
-2.5285912412899423,F,African-American,25 - 45,Male,0.0
20.63516851633978,F,African-American,Less than 25,Male,0.0
-0.6399560612344561,M,African-American,Greater than 45,Male,0.0
0.7131262893270599,F,African-American,25 - 45,Male,0.0
6.534514829257491,F,Hispanic,25 - 45,Male,0.0
0.6720864781995004,F,Caucasian,Less than 25,Male,0.0
2.184227619007154,M,African-American,Less than 25,Male,0.0
4.657419844536792,M,Native American,25 - 45,Male,0.0
1.1704569226575572,F,African-American,25 - 45,Male,0.0
13.612076901097977,F,African-American,25 - 45,Male,0.0
4.654126299077375,F,African-American,Less than 25,Male,0.0
-0.6260865552800331,F,African-American,Less than 25,Male,0.0
-0.04425024522763188,F,African-American,25 - 45,Male,0.0
18.90270463068883,F,Caucasian,Greater than 45,Male,0.0
0.530907803798379,F,African-American,25 - 45,Male,0.0
-0.11580176796836184,F,African-American,25 - 45,Female,0.0
14.78383611716413,M,African-American,Less than 25,Male,0.0
1.4408350236814091,F,Caucasian,Greater than 45,Male,0.0
-0.4046615396269773,F,Caucasian,25 - 45,Male,0.0
0.8838044464264108,F,Caucasian,25 - 45,Male,0.0
0.34604368921585205,M,African-American,25 - 45,Male,0.0
2.211324114110767,M,Caucasian,Less than 25,Female,0.0
-0.5698590186252717,F,Hispanic,25 - 45,Female,0.0
-0.29885835735723454,F,African-American,25 - 45,Male,0.0
-0.558066323321712,M,Caucasian,Less than 25,Male,0.0
0.42724779489348347,F,African-American,25 - 45,Male,0.0
-0.4568594300377916,F,Other,25 - 45,Male,0.0
1.1388441611288058,F,Other,Less than 25,Male,0.0
-0.718015814853611,M,Caucasian,Less than 25,Female,0.0
-0.9169530001478865,F,Hispanic,25 - 45,Male,0.0
1.4054920869824528,F,Other,25 - 45,Male,0.0
-0.711257687706994,F,Caucasian,25 - 45,Male,0.0
0.6625587018902741,F,African-American,25 - 45,Male,0.0
-0.2912447645583469,F,Caucasian,Less than 25,Female,0.0
-0.08049153871888226,F,African-American,Less than 25,Female,0.0
-0.665592302552144,M,African-American,Less than 25,Male,0.0
-1.140229904934046,F,Asian,25 - 45,Female,0.0
1.0634124684158845,F,African-American,Less than 25,Male,0.0
3.385196766853193,F,Other,25 - 45,Female,0.0
3.522992149477692,F,African-American,25 - 45,Male,0.0
0.12042081985332273,F,Caucasian,Less than 25,Male,0.0
-0.14321738066455286,F,Caucasian,25 - 45,Male,0.0
0.715461741903625,F,Caucasian,25 - 45,Male,0.0
-0.22891115637188042,F,Hispanic,25 - 45,Male,0.0
1.929894437471809,F,African-American,Greater than 45,Male,0.0
-0.25213393088024894,M,Hispanic,25 - 45,Male,0.0
0.8368414338907358,F,Caucasian,Less than 25,Male,0.0
-1.6708542433759352,F,Other,Less than 25,Male,0.0
0.8492392948807976,F,African-American,25 - 45,Male,0.0
0.8121274167817005,F,African-American,25 - 45,Male,0.0
-0.5648298940962572,F,African-American,25 - 45,Male,0.0
0.048196644460233085,F,African-American,25 - 45,Male,0.0
2.4392623068944435,F,African-American,25 - 45,Male,0.0
7.242997270126406,F,African-American,25 - 45,Male,0.0
-0.7656998117750677,M,Hispanic,25 - 45,Male,0.0
2.05272842447357,F,African-American,Less than 25,Male,0.0
0.7071944087922875,F,Hispanic,Greater than 45,Male,0.0
0.5234302732892109,F,Hispanic,25 - 45,Female,0.0
-0.5401711245702997,F,African-American,25 - 45,Male,0.0
0.9013498293555506,F,African-American,Less than 25,Male,0.0
0.07533079694689843,F,African-American,25 - 45,Male,0.0
-0.47689758503818114,F,Hispanic,Less than 25,Male,0.0
0.6376016116271417,F,Caucasian,25 - 45,Male,0.0
4.5660661205789514,F,Caucasian,Less than 25,Female,0.0
2.4430884896897673,F,Hispanic,25 - 45,Female,0.0
3.327936847273679,M,African-American,Greater than 45,Male,0.0
-0.6542217355390686,F,Native American,Less than 25,Male,0.0
-0.007948416130715447,F,African-American,Less than 25,Male,0.0
-1.2199589949304475,F,Hispanic,Less than 25,Male,0.0
1.2956929839855316,F,African-American,Greater than 45,Male,0.0
0.3550315585644399,F,African-American,Less than 25,Female,0.0
2.9469076952092763,M,African-American,Greater than 45,Female,0.0
1.281185164936657,F,African-American,25 - 45,Male,0.0
0.45545561717010863,F,Caucasian,25 - 45,Male,0.0
1.728628280428431,F,Other,Less than 25,Female,0.0
2.1096810953054046,F,African-American,Less than 25,Male,0.0
2.7913710438663824,F,African-American,Less than 25,Male,0.0
0.2847922478177712,F,Caucasian,25 - 45,Male,0.0
0.6725676220551043,F,African-American,Less than 25,Male,0.0
2.165065243913269,F,African-American,25 - 45,Male,0.0
-0.8234009467682486,F,African-American,25 - 45,Male,0.0
10.733274313360194,F,African-American,Less than 25,Male,0.0
0.5465053980451028,F,Hispanic,25 - 45,Male,0.0
9.822053586745966,F,African-American,25 - 45,Male,0.0
1.377698478288124,F,African-American,25 - 45,Male,0.0
-0.8646486292724578,F,Caucasian,25 - 45,Male,0.0
-1.0784566410211016,F,Caucasian,25 - 45,Male,0.0
2.541166147927484,F,Caucasian,Less than 25,Male,0.0
0.3580725849696351,M,Caucasian,25 - 45,Male,0.0
0.3950479742057338,F,Native American,25 - 45,Male,0.0
-0.4510290632570629,M,African-American,Less than 25,Male,0.0
8.349023206114392,F,African-American,25 - 45,Female,0.0
11.469032071413295,F,African-American,25 - 45,Male,0.0
1.4371469761304523,F,African-American,Greater than 45,Male,0.0
0.917711928616702,M,Caucasian,Less than 25,Male,0.0
0.07227917565803765,F,African-American,Less than 25,Male,0.0
2.611115710517703,F,Caucasian,Less than 25,Male,0.0
0.07639488455750625,F,Other,25 - 45,Male,0.0
1.583317993128795,F,Asian,Less than 25,Female,0.0
4.71775345316054,F,Other,25 - 45,Male,0.0
-0.8646728152594143,F,Hispanic,25 - 45,Male,0.0
1.2076616788269612,F,African-American,Less than 25,Male,0.0
0.4047473063719412,F,Caucasian,25 - 45,Male,0.0
17.553520567566444,F,African-American,Less than 25,Male,0.0
0.11607254364831632,F,Caucasian,Less than 25,Female,0.0
2.582849070941683,F,African-American,25 - 45,Male,0.0
-0.004278966388003175,F,African-American,25 - 45,Male,0.0
0.5581284337302244,F,African-American,Greater than 45,Male,0.0
-1.2168292491460293,F,African-American,Less than 25,Male,0.0
-0.009672053778042965,F,Caucasian,Less than 25,Male,0.0
0.7236374070819079,F,African-American,25 - 45,Male,0.0
-0.19206141391076414,F,Caucasian,Less than 25,Male,0.0
4.941545617486707,F,Native American,25 - 45,Female,0.0
3.2025626839069243,F,Caucasian,Less than 25,Male,0.0
3.794572251903828,F,African-American,Greater than 45,Female,0.0
-0.5140647010180794,F,Caucasian,25 - 45,Male,0.0
0.5843784013890589,F,Hispanic,25 - 45,Male,0.0
13.714084251291508,F,Caucasian,Less than 25,Male,0.0
0.9589469437707784,F,African-American,25 - 45,Female,0.0
-0.8897983597952338,F,African-American,25 - 45,Male,0.0
11.406342422940913,F,African-American,Less than 25,Male,0.0
6.126674887881351,F,Caucasian,Less than 25,Male,0.0
0.41795189193320814,F,Caucasian,25 - 45,Male,0.0
4.028977381080362,F,Other,25 - 45,Female,0.0
0.5004250412778698,F,African-American,25 - 45,Male,0.0
0.881031871903838,F,African-American,Less than 25,Male,0.0
-0.6010269664409911,M,Caucasian,25 - 45,Male,0.0
-0.4440449565369013,F,African-American,Less than 25,Male,0.0
-1.0355448047530156,F,Caucasian,25 - 45,Male,0.0
0.4540939892273203,M,African-American,Greater than 45,Male,0.0
-0.19391177229064405,F,African-American,Less than 25,Male,0.0
4.676044747526755,F,Other,Less than 25,Female,0.0
-0.3684508029696385,F,African-American,25 - 45,Male,0.0
0.2690271900722513,F,Asian,Greater than 45,Male,0.0
1.622946963738914,F,Other,Less than 25,Female,0.0
0.9367129320010021,F,Caucasian,25 - 45,Male,0.0
0.8304422443099039,F,Caucasian,25 - 45,Male,0.0
0.5056132788707017,F,African-American,Less than 25,Female,0.0
-0.43724578414710263,M,African-American,25 - 45,Male,0.0
13.26004096987614,F,African-American,Less than 25,Male,0.0
0.6187678887157236,F,African-American,Less than 25,Male,0.0
1.0311169182694846,F,Caucasian,Less than 25,Male,0.0
-0.5417483698144918,F,Caucasian,Greater than 45,Male,0.0
0.7315350681466362,F,African-American,Less than 25,Male,0.0
2.6324646351399847,F,Asian,Less than 25,Male,0.0
-0.044381328263900975,M,African-American,Less than 25,Female,0.0
-0.7793894231760659,F,Other,Less than 25,Male,0.0
1.5356349328255152,F,African-American,25 - 45,Male,0.0
0.9578509450645982,F,Native American,Less than 25,Male,0.0
3.5285118376742326,M,Caucasian,25 - 45,Male,0.0
0.7710333203418516,F,African-American,25 - 45,Male,0.0
-0.3026034197527848,M,African-American,25 - 45,Female,0.0
6.291648030251184,F,African-American,Less than 25,Female,0.0
2.9941164366823396,F,Hispanic,25 - 45,Male,0.0
3.153989100830043,F,African-American,25 - 45,Male,0.0
12.700636893182368,F,African-American,Less than 25,Male,0.0
1.9914947871188007,F,African-American,25 - 45,Male,0.0
-0.7379460942829692,F,African-American,Less than 25,Male,0.0
-0.33584532381032356,F,African-American,Less than 25,Male,0.0
0.11649263834134511,F,Caucasian,25 - 45,Female,0.0
-0.5653222269598289,F,African-American,25 - 45,Male,0.0
5.140899635479459,F,Caucasian,25 - 45,Male,0.0
2.566470889959035,F,African-American,25 - 45,Male,0.0
0.5669580783156132,F,African-American,Less than 25,Male,0.0
0.20581481572122626,F,African-American,25 - 45,Female,0.0
-0.3501909584008427,F,African-American,25 - 45,Male,0.0
-0.731795210808069,F,African-American,Less than 25,Male,0.0
0.45969849989624334,F,African-American,Less than 25,Male,0.0
-0.42888000684549027,F,Caucasian,25 - 45,Male,0.0
0.3688230347501038,F,African-American,25 - 45,Female,0.0
0.3102217930808401,F,African-American,Greater than 45,Male,0.0
1.2390677445129408,M,Hispanic,25 - 45,Male,0.0
14.689477835139007,F,African-American,25 - 45,Male,0.0
2.6962863688777983,F,African-American,25 - 45,Male,0.0
2.364976523683542,F,African-American,Less than 25,Male,0.0
2.236251686089825,F,African-American,25 - 45,Male,0.0
-0.34940365023292536,M,African-American,Less than 25,Male,0.0
-0.585017749873568,M,Caucasian,25 - 45,Male,0.0
1.0393889307758448,F,Other,25 - 45,Male,0.0
0.5986535114601202,F,African-American,25 - 45,Female,0.0
3.2568594332458036,F,African-American,25 - 45,Male,0.0
0.5255791885423878,F,Caucasian,Less than 25,Male,0.0
-0.0415343755444324,F,African-American,25 - 45,Male,0.0
-0.40382356675003095,M,Caucasian,Less than 25,Male,0.0
0.8372830708335313,F,African-American,25 - 45,Male,0.0
-0.37553306091830274,F,African-American,Less than 25,Female,0.0
4.817933244707038,F,African-American,Greater than 45,Female,0.0
1.73770486943061,F,African-American,25 - 45,Female,0.0
2.565405777314446,F,Other,25 - 45,Male,0.0
2.8350773247370396,F,Other,25 - 45,Male,0.0
1.907456492181875,M,Caucasian,25 - 45,Male,0.0
-0.6790824371590628,M,African-American,Less than 25,Male,0.0
-0.6329960123727224,F,Caucasian,25 - 45,Male,0.0
0.841919950770387,F,African-American,Less than 25,Female,0.0
-1.2489604878279383,F,Caucasian,Less than 25,Male,0.0
3.049405321771577,F,African-American,25 - 45,Female,0.0
-1.7265157285778563,F,African-American,Less than 25,Female,0.0
1.2166768247207218,F,African-American,25 - 45,Female,0.0
-0.7318104118707782,F,African-American,Less than 25,Female,0.0
0.9204347626296243,F,Caucasian,25 - 45,Female,0.0
0.04566713545121787,F,Caucasian,Less than 25,Male,0.0
0.9267419889278418,F,Hispanic,Less than 25,Female,0.0
0.07412725155229176,M,African-American,Less than 25,Male,0.0
2.0050699669564174,F,Caucasian,Less than 25,Male,0.0
-0.430187448782301,F,African-American,25 - 45,Male,0.0
1.712063003839654,M,Caucasian,25 - 45,Female,0.0
-0.7494812853064273,F,Other,25 - 45,Male,0.0
1.8273273429237251,F,Caucasian,25 - 45,Male,0.0
-0.6986531536584264,M,African-American,25 - 45,Male,0.0
0.2564234986395979,F,Hispanic,Less than 25,Female,0.0
-0.16827372386761785,M,Native American,Less than 25,Male,0.0
6.569160991493383,M,Caucasian,Less than 25,Male,0.0
0.03280587418375876,F,African-American,25 - 45,Male,0.0
17.67759391599536,F,Caucasian,25 - 45,Male,0.0
0.2976757161782976,F,African-American,Less than 25,Male,0.0
1.0272062604593353,F,Caucasian,Less than 25,Male,0.0
1.712975079228882,F,African-American,25 - 45,Male,0.0
1.9284582396145393,M,Caucasian,25 - 45,Male,0.0
0.22748196944097088,F,African-American,Less than 25,Male,0.0
2.3899521114967084,F,Caucasian,25 - 45,Female,0.0
-1.341000793402848,F,African-American,25 - 45,Male,0.0
-0.7293414783256429,F,African-American,Greater than 45,Male,0.0
-0.21448329791340925,F,African-American,25 - 45,Male,0.0
9.807526764480631,F,African-American,25 - 45,Male,0.0
0.30537120258275763,F,African-American,Less than 25,Male,0.0
-1.162736913657667,F,African-American,25 - 45,Male,0.0
-0.2601436920293261,M,African-American,25 - 45,Male,0.0
0.845986163386516,F,African-American,Greater than 45,Male,0.0
0.16928625352469104,F,Hispanic,Less than 25,Male,0.0
1.179196469837162,F,African-American,25 - 45,Male,0.0
-0.8247701982081423,F,Caucasian,25 - 45,Male,0.0
0.27225642461358446,F,Other,25 - 45,Male,0.0
-0.5167060478555221,F,African-American,Greater than 45,Male,0.0
11.228341801226243,F,African-American,Less than 25,Male,0.0
2.0508919613549583,F,African-American,Less than 25,Male,0.0
1.742675642076709,F,African-American,25 - 45,Female,0.0
-0.8263267026278559,F,Caucasian,25 - 45,Male,0.0
1.5242724916079586,M,African-American,Less than 25,Male,0.0
0.4767755440565763,F,Hispanic,Less than 25,Male,0.0
3.4998720694647574,F,Caucasian,25 - 45,Male,0.0
1.5676311013942181,F,African-American,25 - 45,Male,0.0
2.628359157593178,F,African-American,25 - 45,Female,0.0
2.8844117142367462,M,African-American,Less than 25,Male,0.0
3.1490559233687803,F,African-American,Less than 25,Male,0.0
3.0919150453790674,F,Caucasian,Greater than 45,Male,0.0
0.892125501031363,F,African-American,Greater than 45,Male,0.0
-0.2980541399139216,M,African-American,25 - 45,Male,0.0
0.24629084030350534,F,African-American,25 - 45,Male,0.0
0.9630159567172791,F,Caucasian,25 - 45,Male,0.0
2.6718961171446507,F,Caucasian,Less than 25,Male,0.0
0.8192719698427943,F,Hispanic,25 - 45,Male,0.0
14.071690444306043,F,Caucasian,Less than 25,Male,0.0
-0.20906840521737946,F,African-American,Less than 25,Male,0.0
0.24030713211745236,F,African-American,Less than 25,Male,0.0
0.28253535970794985,M,African-American,25 - 45,Female,0.0
-0.08402332114419832,M,Caucasian,Greater than 45,Male,0.0
0.8318833507610259,F,Other,25 - 45,Male,0.0
1.451365608735805,F,African-American,25 - 45,Male,0.0
1.4602985319721873,F,African-American,25 - 45,Male,0.0
-0.7331615584104774,F,Other,25 - 45,Male,0.0
2.632429815249984,F,African-American,Less than 25,Male,0.0
-0.18133998510796565,F,Other,25 - 45,Male,0.0
-0.7072309345636537,F,African-American,25 - 45,Male,0.0
0.17373021511066225,F,African-American,Less than 25,Male,0.0
2.9242412546083187,F,Caucasian,Less than 25,Male,0.0
-0.4544657396903189,F,Caucasian,Less than 25,Female,0.0
0.2760481866240078,F,Hispanic,25 - 45,Female,0.0
1.934896649791372,F,African-American,Less than 25,Male,0.0
0.12207649572359967,F,African-American,25 - 45,Male,0.0
2.546003251848454,F,Caucasian,Less than 25,Male,0.0
6.058613238823477,F,African-American,25 - 45,Male,0.0
0.6980979909483326,M,African-American,25 - 45,Male,0.0
1.9383680947402135,F,African-American,25 - 45,Male,0.0
2.259333304369684,F,African-American,Less than 25,Male,0.0
0.37109825903018734,M,Caucasian,Greater than 45,Female,0.0
-0.30195375073874775,F,Caucasian,25 - 45,Male,0.0
-0.5768787655683733,M,Caucasian,Less than 25,Female,0.0
2.091467186835623,M,African-American,25 - 45,Male,0.0
6.595537686848176,F,African-American,25 - 45,Female,0.0
2.780045714643889,F,African-American,25 - 45,Male,0.0
-0.04236833643099103,F,Caucasian,25 - 45,Male,0.0
1.2454136222114063,F,African-American,25 - 45,Male,0.0
3.788958337002861,F,Caucasian,25 - 45,Male,0.0
1.9927023681071532,M,Caucasian,25 - 45,Male,0.0
3.7130294187063138,F,Hispanic,25 - 45,Female,0.0
-0.7270144235636493,F,Hispanic,25 - 45,Female,0.0
-0.8432182049146673,F,Caucasian,25 - 45,Male,0.0
0.9428608598141841,M,African-American,Greater than 45,Male,0.0
-0.6349486806649827,F,Hispanic,25 - 45,Male,0.0
0.48915712095129227,F,Other,Less than 25,Male,0.0
6.642284623502361,F,Caucasian,Greater than 45,Male,0.0
5.78982681842632,F,African-American,25 - 45,Male,0.0
-0.28640528709539803,F,African-American,25 - 45,Male,0.0
-0.8326426033006054,M,African-American,25 - 45,Male,0.0
2.289222883780247,F,African-American,25 - 45,Male,0.0
-1.0298402278447831,F,Caucasian,25 - 45,Male,0.0
0.0918701045194541,M,Hispanic,Less than 25,Female,0.0
2.9564137464672013,F,African-American,Less than 25,Male,0.0
1.8050482531648138,F,African-American,25 - 45,Male,0.0
-0.23707568494549291,F,African-American,25 - 45,Male,0.0
-0.1244264700338838,F,Caucasian,25 - 45,Male,0.0
0.4212566520213138,F,African-American,Less than 25,Male,0.0
0.32402371088761417,F,African-American,Less than 25,Male,0.0
0.42685845241689513,F,Caucasian,Less than 25,Male,0.0
5.944198063112594,F,African-American,25 - 45,Male,0.0
0.42625044776391424,M,Caucasian,Greater than 45,Male,0.0
-0.7181133846939111,F,African-American,25 - 45,Male,0.0
-0.510540475709628,F,Other,25 - 45,Male,0.0
0.6550442616508249,M,African-American,Greater than 45,Female,0.0
-0.4291178751564275,F,African-American,Less than 25,Male,0.0
0.41104574739682537,F,Caucasian,Less than 25,Male,0.0
-0.3252007754511682,F,African-American,Less than 25,Male,0.0
6.119536122072744,F,Caucasian,25 - 45,Female,0.0
2.318082305536116,M,African-American,25 - 45,Male,0.0
18.63560643741892,F,Caucasian,25 - 45,Male,0.0
4.536295451476363,F,African-American,25 - 45,Male,0.0
-0.133288628878998,F,African-American,25 - 45,Male,0.0
-0.016553748562464055,F,African-American,25 - 45,Male,0.0
-0.09336010406071044,F,African-American,Greater than 45,Male,0.0
5.654920234867325,F,Caucasian,Less than 25,Male,0.0
4.726090849770209,F,Caucasian,25 - 45,Male,0.0
0.14982044300674063,F,Other,25 - 45,Male,0.0
1.8397625391795684,F,Other,25 - 45,Male,0.0
0.8013497018181299,F,African-American,25 - 45,Female,0.0
0.3774421724189151,F,African-American,25 - 45,Male,0.0
-0.3274303266064199,F,Asian,Less than 25,Male,0.0
2.566167401105581,F,Caucasian,Less than 25,Male,0.0
0.2991413847986034,F,Hispanic,Greater than 45,Male,0.0
2.2271430749189163,F,African-American,Less than 25,Female,0.0
0.0388799815343317,F,Other,Less than 25,Male,0.0
7.764727057704203,F,Caucasian,25 - 45,Male,0.0
1.7050950081457,F,African-American,Less than 25,Female,0.0
2.6635931263793466,F,Hispanic,Less than 25,Male,0.0
0.11223085062214815,F,African-American,25 - 45,Male,0.0
0.10896883589446202,F,Caucasian,Less than 25,Male,0.0
1.1347852327072463,F,Caucasian,25 - 45,Female,0.0
-0.5669797228496622,F,Caucasian,25 - 45,Male,0.0
1.1349172683406017,F,African-American,25 - 45,Male,0.0
-0.5768825800271504,F,African-American,25 - 45,Male,0.0
-0.3094688098085484,F,Other,Less than 25,Male,0.0
-0.23290716814404192,F,Hispanic,Less than 25,Female,0.0
2.4994598481796233,F,Caucasian,25 - 45,Male,0.0
-0.31460149869486814,F,Hispanic,Less than 25,Male,0.0
6.428217895606169,M,Caucasian,25 - 45,Male,0.0
-0.10946256574214455,F,Native American,Less than 25,Male,0.0
0.1105786624699947,F,Caucasian,Greater than 45,Male,0.0
-0.2685090545644362,F,Hispanic,Less than 25,Male,0.0
4.051777759812248,M,African-American,25 - 45,Female,0.0
-0.5237359057413755,F,African-American,Less than 25,Male,0.0
-0.5645650903527267,F,Hispanic,Less than 25,Male,0.0
0.7175869607733544,F,African-American,Less than 25,Male,0.0
3.548851067223333,F,Caucasian,Less than 25,Male,0.0
0.21321186306630424,F,African-American,25 - 45,Male,0.0
3.1908847793901742,F,African-American,25 - 45,Male,0.0
-0.028027936381675778,F,Other,25 - 45,Male,0.0
-0.5779356383309651,F,African-American,Less than 25,Male,0.0
-0.22779908920886782,F,Caucasian,Less than 25,Female,0.0
2.279751164750194,M,African-American,Less than 25,Male,0.0
-0.10527092725826619,F,African-American,25 - 45,Male,0.0
1.231744508875054,F,African-American,Greater than 45,Male,0.0
-0.03837079522628074,F,African-American,25 - 45,Male,0.0
0.07415077404808426,F,Caucasian,Less than 25,Male,0.0
3.3740596332102513,F,African-American,Less than 25,Male,0.0
10.764866736261306,F,African-American,25 - 45,Male,0.0
-0.7452832974605528,F,Caucasian,25 - 45,Male,0.0
-0.6364306313600752,F,Hispanic,Less than 25,Male,0.0
-0.3513126530102365,F,Caucasian,Less than 25,Male,0.0
0.6910754153006987,F,African-American,Less than 25,Female,0.0
-0.6645362997538347,F,Caucasian,25 - 45,Male,0.0
2.88808733825714,F,Caucasian,25 - 45,Male,0.0
1.4516767195487486,F,African-American,Less than 25,Male,0.0
0.4868031002188715,F,African-American,25 - 45,Male,0.0
1.9534555254221955,F,Hispanic,25 - 45,Male,0.0
0.24898357846353547,M,Caucasian,25 - 45,Male,0.0
2.301954075782626,F,African-American,Less than 25,Male,0.0
1.3142929227366837,M,Other,Less than 25,Male,0.0
-0.03898794631186875,F,Hispanic,25 - 45,Male,0.0
4.927104049125657,F,African-American,Less than 25,Male,0.0
0.26558654825525035,F,Native American,Less than 25,Male,0.0
0.9718782267066782,F,Other,25 - 45,Male,0.0
-0.809396321620627,F,Caucasian,Less than 25,Female,0.0
-0.603227589454659,M,Other,25 - 45,Male,0.0
0.27467856170185334,F,African-American,Less than 25,Male,0.0
3.133581223109899,F,Caucasian,25 - 45,Male,0.0
5.241398872399834,F,African-American,25 - 45,Male,0.0
0.04264668220014912,F,Hispanic,Less than 25,Male,0.0
-0.6263745134575442,F,Hispanic,Less than 25,Male,0.0
0.07430232569862372,F,Hispanic,Less than 25,Female,0.0
0.2654190634007847,F,Caucasian,25 - 45,Male,0.0
14.078070229390116,F,Caucasian,Less than 25,Male,0.0
2.8815504347312215,F,African-American,25 - 45,Male,0.0
-0.7745173181895122,F,African-American,Less than 25,Male,0.0
-0.4172731929600437,F,African-American,Greater than 45,Male,0.0
0.647697413285021,F,Caucasian,25 - 45,Male,0.0
10.435743316894435,F,Caucasian,Less than 25,Male,0.0
-0.9194528393867878,F,African-American,25 - 45,Male,0.0
0.3036653868032199,F,African-American,25 - 45,Male,0.0
1.5448014732101951,F,Other,Less than 25,Female,0.0
0.19852767790585824,F,African-American,25 - 45,Male,0.0
0.5537550318269435,M,Caucasian,Less than 25,Male,0.0
1.1139018504229545,M,African-American,Greater than 45,Female,0.0
-1.2679863699767426,F,Caucasian,25 - 45,Male,0.0
1.7246443046808864,F,African-American,Less than 25,Male,0.0
2.1246816020017696,M,Other,Less than 25,Male,0.0
1.9285756615528873,F,African-American,25 - 45,Female,0.0
1.894456724025671,F,African-American,25 - 45,Male,0.0
0.5439179017770572,F,African-American,Less than 25,Male,0.0
2.8051392487041698,F,African-American,25 - 45,Male,0.0
-0.37379751563485836,F,African-American,25 - 45,Male,0.0
-0.4369070336577281,F,Caucasian,25 - 45,Male,0.0
0.8745155717465143,F,African-American,25 - 45,Male,0.0
0.7077967542917398,M,African-American,Greater than 45,Male,0.0
3.0940808277290643,F,Caucasian,25 - 45,Male,0.0
0.6532239617701651,F,African-American,25 - 45,Male,0.0
-1.092894144425629,F,Caucasian,25 - 45,Male,0.0
3.6417752033823216,F,Caucasian,Greater than 45,Male,0.0
1.3677918242093772,F,African-American,25 - 45,Male,0.0
6.166570676792903,F,African-American,25 - 45,Male,0.0
3.5792633233619746,F,African-American,25 - 45,Male,0.0
-0.11969614799326647,M,Caucasian,25 - 45,Male,0.0
7.08476457205002,F,African-American,25 - 45,Male,0.0
0.7623068876214507,F,Native American,25 - 45,Male,0.0
-0.32205207349165477,F,African-American,25 - 45,Male,0.0
3.211566776366122,F,African-American,Less than 25,Male,0.0
-1.6215711468778005,F,Hispanic,Less than 25,Female,0.0
5.914202677131135,F,African-American,25 - 45,Female,0.0
0.4124972828021947,F,Native American,25 - 45,Male,0.0
-0.8267363219642596,F,Caucasian,25 - 45,Male,0.0
3.497056456926365,F,African-American,Less than 25,Male,0.0
1.0128726790171587,F,Native American,25 - 45,Male,0.0
0.005329926922852168,F,Caucasian,Less than 25,Male,0.0
-0.1820769330583989,F,African-American,Greater than 45,Male,0.0
2.563945630565697,F,African-American,Less than 25,Male,0.0
-2.467473524194631,F,Hispanic,25 - 45,Female,0.0
17.213338693945612,F,Caucasian,25 - 45,Male,0.0
0.3714994865875114,F,African-American,25 - 45,Female,0.0
2.9182599167903644,F,African-American,25 - 45,Female,0.0
3.1130449970311345,F,African-American,25 - 45,Male,0.0
2.0312584476045976,F,Hispanic,Less than 25,Female,0.0
0.736546350010151,F,African-American,Greater than 45,Male,0.0
1.5574503908448614,F,African-American,25 - 45,Male,0.0
-0.9835556029828569,M,African-American,Less than 25,Male,0.0
1.8047618064406206,M,Caucasian,Less than 25,Male,0.0
0.19192603927754504,F,African-American,Less than 25,Male,0.0
9.962155239965506,F,Hispanic,Less than 25,Male,0.0
0.45203344536402873,F,African-American,Less than 25,Male,0.0
0.2701267714822225,F,African-American,25 - 45,Male,0.0
0.23428639714696264,F,African-American,25 - 45,Female,0.0
-0.8548586535200458,F,African-American,25 - 45,Male,0.0
0.1388519708116318,F,African-American,Greater than 45,Male,0.0
2.9454862917184155,F,African-American,25 - 45,Male,0.0
-0.6720921773503588,F,African-American,25 - 45,Female,0.0
1.4694009630982956,F,Caucasian,Greater than 45,Male,0.0
1.355224234721543,F,Hispanic,Less than 25,Male,0.0
1.2713829218891197,F,Hispanic,25 - 45,Male,0.0
2.0778416571101186,F,African-American,Less than 25,Female,0.0
0.5810019780105238,F,African-American,Less than 25,Male,0.0
1.5568604143987983,F,Caucasian,Less than 25,Male,0.0
1.5678686286250658,F,Caucasian,25 - 45,Female,0.0
2.3915708276975716,F,African-American,25 - 45,Male,0.0
2.581718814042797,M,Caucasian,Less than 25,Female,0.0
1.7885960186132919,F,Caucasian,25 - 45,Male,0.0
0.4581352744610655,F,African-American,Less than 25,Male,0.0
-0.8547351185919292,F,African-American,25 - 45,Female,0.0
2.346546351393856,M,Caucasian,25 - 45,Female,0.0
0.6174045208443704,M,African-American,Less than 25,Male,0.0
11.735293635884215,F,African-American,Less than 25,Male,0.0
3.2470602146961545,M,African-American,Greater than 45,Female,0.0
18.20771119180138,F,Hispanic,Less than 25,Male,0.0
-0.5001340688466045,F,Hispanic,Greater than 45,Female,0.0
-0.736946304561376,M,Caucasian,25 - 45,Female,0.0
1.7936424505584188,F,African-American,25 - 45,Male,0.0
-0.7415636734509669,F,African-American,25 - 45,Male,0.0
3.1526365197508732,F,African-American,25 - 45,Male,0.0
1.5698629051301058,F,African-American,Less than 25,Female,0.0
0.34916438493787727,F,African-American,Less than 25,Male,0.0
-0.5439974951661,F,Hispanic,Greater than 45,Male,0.0
3.3667217909452396,F,Caucasian,Less than 25,Male,0.0
1.6021970146265239,F,African-American,Less than 25,Male,0.0
0.2837159514295641,M,Hispanic,25 - 45,Male,0.0
3.4185486633690587,F,Caucasian,25 - 45,Male,0.0
0.1796933183648033,F,African-American,Less than 25,Male,0.0
2.324003403309633,F,African-American,25 - 45,Female,0.0
6.826542131096753,F,Other,Less than 25,Male,0.0
1.5052770359944891,F,African-American,25 - 45,Male,0.0
2.928176065652025,F,Hispanic,25 - 45,Male,0.0
0.6217698163334094,F,Caucasian,25 - 45,Male,0.0
0.5900644210192203,F,African-American,Less than 25,Male,0.0
2.521644204951421,F,African-American,25 - 45,Male,0.0
0.047363603444799285,F,African-American,25 - 45,Male,0.0
2.2700035572340287,F,African-American,25 - 45,Male,0.0
2.718746033929682,F,African-American,25 - 45,Male,0.0
-0.07958933905235244,F,Caucasian,25 - 45,Male,0.0
7.540661705327507,F,Hispanic,25 - 45,Female,0.0
6.144121741720501,F,African-American,25 - 45,Male,0.0
13.100006542652771,F,African-American,25 - 45,Male,0.0
2.9389095828235527,F,Other,25 - 45,Male,0.0
-0.4878691304097067,F,African-American,25 - 45,Male,0.0
-0.9148010328616651,F,Native American,Greater than 45,Male,0.0
27.375050211530393,F,African-American,25 - 45,Male,0.0
1.3080022007963406,M,Caucasian,25 - 45,Male,0.0
1.0910332644218625,F,Caucasian,25 - 45,Male,0.0
2.9088678644889914,F,African-American,Greater than 45,Male,0.0
0.7707932101998786,F,Native American,Less than 25,Male,0.0
15.456304437495282,F,Caucasian,Less than 25,Male,0.0
-0.8357787307166772,M,African-American,25 - 45,Female,0.0
0.34637651747424186,F,Caucasian,Less than 25,Male,0.0
0.8398445396429965,F,African-American,25 - 45,Female,0.0
0.6802767947432892,F,Hispanic,Less than 25,Male,0.0
0.9270790716188315,M,African-American,25 - 45,Female,0.0
0.5627067211474318,F,African-American,25 - 45,Male,0.0
0.4049067775169583,F,Hispanic,Less than 25,Male,0.0
5.516063654240787,F,Hispanic,25 - 45,Male,0.0
0.5008929768812123,F,African-American,Less than 25,Female,0.0
0.21408533193390372,M,Other,25 - 45,Female,0.0
3.184610496769963,F,African-American,25 - 45,Male,0.0
-0.1430949164617071,F,African-American,25 - 45,Female,0.0
0.06859987074555039,M,Other,25 - 45,Male,0.0
0.8056522105577814,F,Caucasian,Greater than 45,Female,0.0
1.7346876769199775,F,African-American,25 - 45,Male,0.0
2.260716700234136,F,African-American,25 - 45,Male,0.0
1.594399586595081,F,Caucasian,Less than 25,Male,0.0
0.6972386669982001,F,African-American,Less than 25,Male,0.0
0.48736790172099054,F,Caucasian,25 - 45,Male,0.0
-0.2791454683807524,F,Hispanic,25 - 45,Male,0.0
-0.5472667540194462,M,Other,Less than 25,Male,0.0
-0.04485842420496697,F,Caucasian,Less than 25,Male,0.0
0.07277158788386337,F,African-American,Greater than 45,Male,0.0
1.9232264285367344,F,Asian,Greater than 45,Female,0.0
0.05497285478731554,F,African-American,Less than 25,Female,0.0
1.3244036716672678,F,Hispanic,25 - 45,Male,0.0
3.8017462935595425,F,African-American,Less than 25,Male,0.0
0.974193958775714,F,Native American,25 - 45,Male,0.0
-0.7995964377078768,F,Caucasian,25 - 45,Female,0.0
14.901686641513557,F,Caucasian,Less than 25,Male,0.0
-0.19544295936166628,F,African-American,Less than 25,Male,0.0
-0.09630129436409716,F,African-American,Greater than 45,Male,0.0
2.2736251527413933,F,Caucasian,Less than 25,Male,0.0
-0.07056826115493878,F,Caucasian,Less than 25,Female,0.0
0.8146384731538122,F,Caucasian,25 - 45,Male,0.0
2.4056137056820948,F,Native American,Less than 25,Female,0.0
2.2043890709488583,F,African-American,25 - 45,Male,0.0
-0.3452284239598382,F,African-American,Greater than 45,Male,0.0
-0.7413358097292785,F,Hispanic,25 - 45,Male,0.0
0.21515008853949502,F,Caucasian,Less than 25,Male,0.0
3.5297039233883094,F,African-American,Less than 25,Male,0.0
-0.5618262420303944,F,African-American,25 - 45,Male,0.0
1.909231162256261,F,African-American,25 - 45,Female,0.0
0.23263566398029384,F,Other,25 - 45,Female,0.0
3.8848995840082257,F,African-American,Less than 25,Male,0.0
0.29579458571819145,F,African-American,25 - 45,Male,0.0
1.9778592128316541,F,African-American,Less than 25,Male,0.0
4.018282575880481,F,African-American,Less than 25,Male,0.0
2.942025390820771,F,African-American,25 - 45,Male,0.0
-0.9485198781394438,M,African-American,Less than 25,Male,0.0
0.08045703220394934,F,Other,25 - 45,Male,0.0
1.8954144092146628,F,African-American,Greater than 45,Male,0.0
0.519789843923596,F,Caucasian,25 - 45,Male,0.0
0.49974543187240533,M,African-American,25 - 45,Male,0.0
1.1772295240849835,F,African-American,25 - 45,Male,0.0
-0.4835141987693114,F,Caucasian,25 - 45,Male,0.0
-0.21998556494733634,F,Hispanic,Less than 25,Male,0.0
1.6034571047952437,F,African-American,Less than 25,Male,0.0
0.7919724629180597,F,African-American,Greater than 45,Male,0.0
1.5949788373874716,F,Hispanic,Less than 25,Male,0.0
12.85909953257686,F,Caucasian,Less than 25,Male,0.0
0.3289238963214745,F,Caucasian,25 - 45,Male,0.0
2.891879858554337,F,Other,Less than 25,Female,0.0
0.47352903886661035,F,African-American,25 - 45,Male,0.0
0.7042819620305647,M,African-American,25 - 45,Male,0.0
-1.8460307134306984,M,Asian,Less than 25,Male,0.0
2.829072617269881,F,Caucasian,25 - 45,Male,0.0
-0.2092031841372446,F,Caucasian,Less than 25,Male,0.0
2.7928221621691023,F,Caucasian,25 - 45,Male,0.0
0.37333580716480513,F,Caucasian,Greater than 45,Male,0.0
1.5379765704280415,M,Hispanic,25 - 45,Female,0.0
2.9749926642638096,F,African-American,25 - 45,Male,0.0
-0.38323525623334764,F,African-American,Less than 25,Male,0.0
2.2360195080673106,F,Hispanic,Less than 25,Male,0.0
1.4406680928847635,F,Native American,Less than 25,Male,0.0
1.6399823168551155,F,African-American,25 - 45,Male,0.0
15.030336989315066,F,Other,Less than 25,Male,0.0
0.2783480254165399,F,Caucasian,25 - 45,Male,0.0
1.9357079287073318,F,African-American,25 - 45,Female,0.0
-0.6375753705152005,M,African-American,25 - 45,Male,0.0
-0.6976844695533211,F,Caucasian,Greater than 45,Male,0.0
-0.3228673166439173,F,African-American,25 - 45,Male,0.0
3.7526218060380936,F,Caucasian,Less than 25,Male,0.0
1.1363197701892969,M,Caucasian,Less than 25,Male,0.0
2.549626727302931,F,Hispanic,25 - 45,Female,0.0
0.8401021332658516,F,African-American,25 - 45,Female,0.0
1.2814884739720078,F,Caucasian,Less than 25,Male,0.0
0.4361791158990573,F,Caucasian,25 - 45,Male,0.0
-0.11992915098587287,F,African-American,25 - 45,Female,0.0
-0.22098987660728486,F,African-American,25 - 45,Male,0.0
1.9602843138379589,F,Caucasian,25 - 45,Male,0.0
2.2315508056121374,M,African-American,25 - 45,Female,0.0
-0.4526747679982557,F,African-American,25 - 45,Male,0.0
-2.684533702721449,F,African-American,Less than 25,Male,0.0
0.3870509948395766,F,African-American,25 - 45,Male,0.0
3.064626969775552,F,African-American,Less than 25,Male,0.0
3.517346495536971,F,Hispanic,Less than 25,Male,0.0
-0.0690178128059371,F,Caucasian,Less than 25,Male,0.0
2.5805579886498995,F,Native American,Less than 25,Male,0.0
12.043005095524938,F,African-American,25 - 45,Female,0.0
-0.9090533461803754,M,Caucasian,Less than 25,Male,0.0
-0.5271235006416964,F,Caucasian,25 - 45,Male,0.0
-0.4870040277905421,M,African-American,Less than 25,Male,0.0
3.420614316561758,F,Other,25 - 45,Female,0.0
1.7345562440957507,F,Native American,Less than 25,Male,0.0
0.6943121740721632,F,Hispanic,Greater than 45,Male,0.0
2.3881201439038007,F,Other,25 - 45,Female,0.0
0.9834809383808532,F,African-American,25 - 45,Male,0.0
2.4666625348521496,F,African-American,25 - 45,Male,0.0
0.40834056000019325,M,African-American,Less than 25,Male,0.0
1.7029923407577217,F,Asian,Greater than 45,Male,0.0
-0.21536062430892808,F,African-American,Less than 25,Female,0.0
3.248646072690961,F,African-American,Less than 25,Female,0.0
0.08977805033034625,M,Caucasian,Less than 25,Male,0.0
-0.15225753890412164,F,Other,25 - 45,Male,0.0
0.7789421656341574,F,African-American,Less than 25,Male,0.0
0.8817600856781838,F,African-American,Greater than 45,Male,0.0
-0.13941173864079162,F,African-American,Less than 25,Male,0.0
0.06548635458204632,M,Other,25 - 45,Male,0.0
-0.604161967584091,M,African-American,25 - 45,Male,0.0
1.079900238054678,F,Other,25 - 45,Male,0.0
0.1904874710521769,F,Caucasian,25 - 45,Female,0.0
1.8111689931480162,F,African-American,Less than 25,Female,0.0
3.2871715836609696,F,African-American,25 - 45,Male,0.0
2.3900236736320633,F,Other,25 - 45,Male,0.0
1.758811362612184,F,African-American,25 - 45,Female,0.0
0.9738470227983296,F,Native American,25 - 45,Female,0.0
5.295412220375082,F,African-American,Less than 25,Male,0.0
0.43460381134441844,F,Caucasian,Less than 25,Male,0.0
-0.5680065350877861,F,African-American,25 - 45,Male,0.0
-0.22594529570333138,F,Caucasian,Greater than 45,Male,0.0
-1.1123797145119032,F,Caucasian,Less than 25,Male,0.0
-0.32655273340635477,F,African-American,Less than 25,Male,0.0
0.47170296972978665,F,Native American,Less than 25,Male,0.0
1.0647314352233113,M,Hispanic,25 - 45,Male,0.0
-0.44951428814038796,F,African-American,25 - 45,Male,0.0
1.2597826710199824,F,African-American,Less than 25,Male,0.0
-0.9488393557921135,F,Hispanic,25 - 45,Male,0.0
-0.2624064523980544,F,African-American,Greater than 45,Male,0.0
0.5940049854170004,F,African-American,25 - 45,Male,0.0
17.375192267798774,F,Caucasian,Less than 25,Male,0.0
2.1768307627501695,F,African-American,Less than 25,Male,0.0
-0.6797576208339657,F,African-American,Less than 25,Male,0.0
-1.0189562685916151,M,African-American,Less than 25,Male,0.0
2.9745792089188816,F,African-American,25 - 45,Male,0.0
0.3521467228788185,F,Caucasian,Greater than 45,Male,0.0
2.3066151185696495,F,African-American,25 - 45,Male,0.0
-0.5519338112536344,F,Other,Less than 25,Male,0.0
2.891386093639592,M,Caucasian,Less than 25,Male,0.0
6.622797645637653,F,African-American,25 - 45,Male,0.0
2.390245383246289,F,Native American,25 - 45,Female,0.0
28.600606892263585,F,Caucasian,Less than 25,Male,0.0
2.3440334167073402,F,Hispanic,25 - 45,Male,0.0
4.867436903805769,F,African-American,25 - 45,Male,0.0
-0.23322289825826392,M,Caucasian,25 - 45,Female,0.0
-0.1884215612879332,F,Hispanic,25 - 45,Male,0.0
1.145225406609467,M,Caucasian,Less than 25,Male,0.0
8.221194845162117,M,Caucasian,Less than 25,Male,0.0
2.4281687589498704,F,African-American,25 - 45,Female,0.0
1.1918978727344256,F,Native American,Less than 25,Male,0.0
-0.22922991277228044,F,Asian,25 - 45,Male,0.0
1.460539485001066,F,African-American,Less than 25,Female,0.0
12.518112255376058,F,Caucasian,Greater than 45,Male,0.0
-0.9182470576560697,F,Caucasian,Greater than 45,Female,0.0
2.1084579036296867,M,African-American,25 - 45,Female,0.0
0.49493553319506184,F,African-American,Less than 25,Male,0.0
-0.7418417943400526,M,Caucasian,25 - 45,Male,0.0
0.015622228680713945,F,Caucasian,25 - 45,Male,0.0
0.4023717015977218,F,Other,25 - 45,Female,0.0
1.0573531536611689,F,African-American,25 - 45,Male,0.0
2.27573453513867,F,Caucasian,Less than 25,Male,0.0
-0.9533767302458993,F,Caucasian,Less than 25,Male,0.0
6.6649267029512345,F,African-American,Less than 25,Female,0.0
-0.6607114679510766,F,African-American,25 - 45,Male,0.0
1.9884791884763726,F,African-American,Less than 25,Male,0.0
14.170459701334083,F,Native American,Greater than 45,Male,0.0
0.30136961254813543,F,Caucasian,25 - 45,Male,0.0
1.8499342791117246,F,African-American,Greater than 45,Male,0.0
2.117695555057325,F,Hispanic,Less than 25,Male,0.0
-0.9028043258187707,F,Caucasian,25 - 45,Female,0.0
0.4647338197032513,F,Native American,Less than 25,Male,0.0
-1.0360129933209081,M,African-American,Less than 25,Female,0.0
0.409123685522228,M,African-American,Less than 25,Female,0.0
-0.13805854357241354,F,African-American,Less than 25,Female,0.0
0.40824469827051857,F,African-American,25 - 45,Male,0.0
0.09543322892369964,M,Caucasian,25 - 45,Male,0.0
3.6641044127036366,F,Caucasian,Greater than 45,Male,0.0
13.637466270524962,F,Caucasian,Less than 25,Male,0.0
2.154009512591323,F,Caucasian,25 - 45,Male,0.0
0.2812161708158677,F,African-American,25 - 45,Male,0.0
0.05242966477813634,M,African-American,Less than 25,Male,0.0
-0.5110822269363042,M,Caucasian,25 - 45,Male,0.0
0.6285948044899776,F,Hispanic,Less than 25,Male,0.0
2.0039202566917567,F,Hispanic,25 - 45,Male,0.0
-1.2854553289689097,F,Caucasian,Less than 25,Male,0.0
3.3476104120712233,F,Caucasian,25 - 45,Male,0.0
0.19860271231670423,F,African-American,Less than 25,Female,0.0
0.691744104315002,F,African-American,Less than 25,Male,0.0
-0.4152251949228378,F,African-American,Less than 25,Male,0.0
-0.172477525121369,F,Caucasian,25 - 45,Male,0.0
1.3567779803588755,F,Hispanic,25 - 45,Male,0.0
-0.4486290994829332,F,Hispanic,Less than 25,Male,0.0
0.39757297861539204,F,African-American,25 - 45,Male,0.0
2.57377447891444,F,African-American,25 - 45,Male,0.0
-0.6200215658243442,F,African-American,Less than 25,Female,0.0
9.197067889646359,F,Caucasian,Less than 25,Female,0.0
-0.36933777758122543,F,Native American,25 - 45,Male,0.0
-0.2182943593950013,F,Caucasian,Less than 25,Female,0.0
1.1863216941705692,F,Caucasian,Less than 25,Male,0.0
0.01404370486276818,F,Caucasian,Less than 25,Male,0.0
3.2905793556184726,M,Hispanic,25 - 45,Male,0.0
2.7294056610059982,F,African-American,Greater than 45,Female,0.0
5.192832044143843,F,African-American,Less than 25,Male,0.0
0.6912506359213487,F,Caucasian,Less than 25,Male,0.0
1.668670555005366,F,Hispanic,25 - 45,Male,0.0
0.014478936051585095,F,Caucasian,Greater than 45,Male,0.0
2.0590224056700492,F,African-American,Less than 25,Male,0.0
2.161040678266472,F,Caucasian,25 - 45,Male,0.0
2.223432853463649,F,Asian,25 - 45,Male,0.0
18.975284882305886,F,African-American,Less than 25,Male,0.0
0.29751890870351494,F,Other,25 - 45,Male,0.0
0.32792002445978646,F,Native American,25 - 45,Male,0.0
3.1428759978154117,F,African-American,25 - 45,Male,0.0
1.356638138858161,F,Hispanic,Greater than 45,Female,0.0
-1.0623649476310622,F,Caucasian,Greater than 45,Male,0.0
0.20695646165405113,F,African-American,25 - 45,Male,0.0
1.6314474387003017,F,African-American,Less than 25,Male,0.0
